品目,日付,売上
おでん,2015-03-01,4046
おでん,2015-03-02,3437
おでん,2015-03-03,3191
おでん,2015-03-04,3499
おでん,2015-03-05,3536
おでん,2015-03-06,3841
おでん,2015-03-07,4249
おでん,2015-03-08,4557
おでん,2015-03-09,3283
おでん,2015-03-10,3222
おでん,2015-03-11,3547
おでん,2015-03-12,3220
おでん,2015-03-13,4375
おでん,2015-03-14,4286
おでん,2015-03-15,3889
おでん,2015-03-16,3510
おでん,2015-03-17,3085
おでん,2015-03-18,2952
おでん,2015-03-19,3138
おでん,2015-03-20,4609
おでん,2015-03-21,4554
おでん,2015-03-22,4388
おでん,2015-03-23,3341
おでん,2015-03-24,3571
おでん,2015-03-25,3351
おでん,2015-03-26,3386
おでん,2015-03-27,4262
おでん,2015-03-28,4305
おでん,2015-03-29,4047
おでん,2015-03-30,3021
おでん,2015-03-31,3551
おでん,2015-04-01,3511
おでん,2015-04-02,3374
おでん,2015-04-03,4475
おでん,2015-04-04,3823
おでん,2015-04-05,4206
おでん,2015-04-06,3418
おでん,2015-04-07,3066
おでん,2015-04-08,3132
おでん,2015-04-09,3076
おでん,2015-04-10,3923
おでん,2015-04-11,4153
おでん,2015-04-12,4152
おでん,2015-04-13,3165
おでん,2015-04-14,3024
おでん,2015-04-15,3015
おでん,2015-04-16,3076
おでん,2015-04-17,4196
おでん,2015-04-18,4027
おでん,2015-04-19,4527
おでん,2015-04-20,2955
おでん,2015-04-21,3212
おでん,2015-04-22,3444
おでん,2015-04-23,3004
おでん,2015-04-24,4277
おでん,2015-04-25,3977
おでん,2015-04-26,3910
おでん,2015-04-27,3415
おでん,2015-04-28,3507
おでん,2015-04-29,3168
おでん,2015-04-30,3357
おでん,2015-05-01,3883
おでん,2015-05-02,4127
おでん,2015-05-03,4034
おでん,2015-05-04,3455
おでん,2015-05-05,3217
おでん,2015-05-06,3452
おでん,2015-05-07,3453
おでん,2015-05-08,4474
おでん,2015-05-09,4174
おでん,2015-05-10,4440
おでん,2015-05-11,3334
おでん,2015-05-12,3387
おでん,2015-05-13,2925
おでん,2015-05-14,3234
おでん,2015-05-15,3989
おでん,2015-05-16,4123
おでん,2015-05-17,4320
おでん,2015-05-18,3154
おでん,2015-05-19,2997
おでん,2015-05-20,3083
おでん,2015-05-21,3359
おでん,2015-05-22,4155
おでん,2015-05-23,4469
おでん,2015-05-24,3889
おでん,2015-05-25,3208
おでん,2015-05-26,3565
おでん,2015-05-27,3505
おでん,2015-05-28,3501
おでん,2015-05-29,3950
おでん,2015-05-30,3913
お好み焼き,2015-03-01,5895
お好み焼き,2015-03-02,4262
お好み焼き,2015-03-03,4538
お好み焼き,2015-03-04,4242
お好み焼き,2015-03-05,4125
お好み焼き,2015-03-06,6043
お好み焼き,2015-03-07,5255
お好み焼き,2015-03-08,5682
お好み焼き,2015-03-09,4410
お好み焼き,2015-03-10,4488
お好み焼き,2015-03-11,4253
お好み焼き,2015-03-12,4390
お好み焼き,2015-03-13,6240
お好み焼き,2015-03-14,5700
お好み焼き,2015-03-15,6167
お好み焼き,2015-03-16,4765
お好み焼き,2015-03-17,4496
お好み焼き,2015-03-18,4321
お好み焼き,2015-03-19,4089
お好み焼き,2015-03-20,6218
お好み焼き,2015-03-21,5493
お好み焼き,2015-03-22,5217
お好み焼き,2015-03-23,4794
お好み焼き,2015-03-24,4594
お好み焼き,2015-03-25,4085
お好み焼き,2015-03-26,4443
お好み焼き,2015-03-27,6239
お好み焼き,2015-03-28,5818
お好み焼き,2015-03-29,5611
お好み焼き,2015-03-30,4530
お好み焼き,2015-03-31,4241
お好み焼き,2015-04-01,4231
お好み焼き,2015-04-02,4153
お好み焼き,2015-04-03,5571
お好み焼き,2015-04-04,6274
お好み焼き,2015-04-05,5324
お好み焼き,2015-04-06,4040
お好み焼き,2015-04-07,4085
お好み焼き,2015-04-08,4567
お好み焼き,2015-04-09,4505
お好み焼き,2015-04-10,6168
お好み焼き,2015-04-11,5918
お好み焼き,2015-04-12,5991
お好み焼き,2015-04-13,4419
お好み焼き,2015-04-14,4541
お好み焼き,2015-04-15,4683
お好み焼き,2015-04-16,4652
お好み焼き,2015-04-17,6269
お好み焼き,2015-04-18,5651
お好み焼き,2015-04-19,5505
お好み焼き,2015-04-20,4320
お好み焼き,2015-04-21,3969
お好み焼き,2015-04-22,4122
お好み焼き,2015-04-23,4702
お好み焼き,2015-04-24,5412
お好み焼き,2015-04-25,5422
お好み焼き,2015-04-26,5236
お好み焼き,2015-04-27,4176
お好み焼き,2015-04-28,4604
お好み焼き,2015-04-29,4706
お好み焼き,2015-04-30,4398
お好み焼き,2015-05-01,5592
お好み焼き,2015-05-02,5430
お好み焼き,2015-05-03,5275
お好み焼き,2015-05-04,4303
お好み焼き,2015-05-05,4463
お好み焼き,2015-05-06,4151
お好み焼き,2015-05-07,4351
お好み焼き,2015-05-08,5397
お好み焼き,2015-05-09,5723
お好み焼き,2015-05-10,5553
お好み焼き,2015-05-11,4532
お好み焼き,2015-05-12,4290
お好み焼き,2015-05-13,4273
お好み焼き,2015-05-14,4430
お好み焼き,2015-05-15,5995
お好み焼き,2015-05-16,5401
お好み焼き,2015-05-17,5620
お好み焼き,2015-05-18,4194
お好み焼き,2015-05-19,4514
お好み焼き,2015-05-20,4122
お好み焼き,2015-05-21,4720
お好み焼き,2015-05-22,6002
お好み焼き,2015-05-23,5913
お好み焼き,2015-05-24,5855
お好み焼き,2015-05-25,4288
お好み焼き,2015-05-26,4426
お好み焼き,2015-05-27,4730
お好み焼き,2015-05-28,4472
お好み焼き,2015-05-29,6109
お好み焼き,2015-05-30,5505
から揚げ,2015-03-01,9994
から揚げ,2015-03-02,7033
から揚げ,2015-03-03,7519
から揚げ,2015-03-04,7352
から揚げ,2015-03-05,7033
から揚げ,2015-03-06,9718
から揚げ,2015-03-07,10387
から揚げ,2015-03-08,10365
から揚げ,2015-03-09,7047
から揚げ,2015-03-10,7117
から揚げ,2015-03-11,8097
から揚げ,2015-03-12,7557
から揚げ,2015-03-13,10433
から揚げ,2015-03-14,9530
から揚げ,2015-03-15,9415
から揚げ,2015-03-16,7615
から揚げ,2015-03-17,6867
から揚げ,2015-03-18,7488
から揚げ,2015-03-19,6994
から揚げ,2015-03-20,10481
から揚げ,2015-03-21,9789
から揚げ,2015-03-22,9623
から揚げ,2015-03-23,7236
から揚げ,2015-03-24,7941
から揚げ,2015-03-25,7179
から揚げ,2015-03-26,7067
から揚げ,2015-03-27,8962
から揚げ,2015-03-28,8965
から揚げ,2015-03-29,9560
から揚げ,2015-03-30,7015
から揚げ,2015-03-31,6961
から揚げ,2015-04-01,7637
から揚げ,2015-04-02,6712
から揚げ,2015-04-03,9979
から揚げ,2015-04-04,9310
から揚げ,2015-04-05,9419
から揚げ,2015-04-06,7854
から揚げ,2015-04-07,7998
から揚げ,2015-04-08,7059
から揚げ,2015-04-09,8061
から揚げ,2015-04-10,10032
から揚げ,2015-04-11,9952
から揚げ,2015-04-12,8736
から揚げ,2015-04-13,7225
から揚げ,2015-04-14,7347
から揚げ,2015-04-15,7469
から揚げ,2015-04-16,7673
から揚げ,2015-04-17,10392
から揚げ,2015-04-18,9821
から揚げ,2015-04-19,9457
から揚げ,2015-04-20,7442
から揚げ,2015-04-21,6728
から揚げ,2015-04-22,7027
から揚げ,2015-04-23,7228
から揚げ,2015-04-24,9014
から揚げ,2015-04-25,10231
から揚げ,2015-04-26,8928
から揚げ,2015-04-27,7828
から揚げ,2015-04-28,7449
から揚げ,2015-04-29,7620
から揚げ,2015-04-30,6895
から揚げ,2015-05-01,9849
から揚げ,2015-05-02,9233
から揚げ,2015-05-03,10025
から揚げ,2015-05-04,7231
から揚げ,2015-05-05,8073
から揚げ,2015-05-06,8070
から揚げ,2015-05-07,7715
から揚げ,2015-05-08,9128
から揚げ,2015-05-09,9060
から揚げ,2015-05-10,9773
から揚げ,2015-05-11,7037
から揚げ,2015-05-12,7426
から揚げ,2015-05-13,7801
から揚げ,2015-05-14,6890
から揚げ,2015-05-15,9411
から揚げ,2015-05-16,9539
から揚げ,2015-05-17,10300
から揚げ,2015-05-18,8008
から揚げ,2015-05-19,7944
から揚げ,2015-05-20,7637
から揚げ,2015-05-21,8044
から揚げ,2015-05-22,9626
から揚げ,2015-05-23,9741
から揚げ,2015-05-24,9280
から揚げ,2015-05-25,7155
から揚げ,2015-05-26,6672
から揚げ,2015-05-27,7384
から揚げ,2015-05-28,7928
から揚げ,2015-05-29,8647
から揚げ,2015-05-30,8773
キムチ,2015-03-01,2425
キムチ,2015-03-02,2108
キムチ,2015-03-03,2094
キムチ,2015-03-04,2189
キムチ,2015-03-05,1987
キムチ,2015-03-06,2379
キムチ,2015-03-07,2677
キムチ,2015-03-08,2734
キムチ,2015-03-09,1855
キムチ,2015-03-10,1959
キムチ,2015-03-11,1890
キムチ,2015-03-12,1823
キムチ,2015-03-13,2546
キムチ,2015-03-14,2374
キムチ,2015-03-15,2457
キムチ,2015-03-16,1822
キムチ,2015-03-17,2068
キムチ,2015-03-18,1919
キムチ,2015-03-19,1840
キムチ,2015-03-20,2377
キムチ,2015-03-21,2798
キムチ,2015-03-22,2732
キムチ,2015-03-23,2127
キムチ,2015-03-24,2193
キムチ,2015-03-25,1841
キムチ,2015-03-26,1840
キムチ,2015-03-27,2755
キムチ,2015-03-28,2748
キムチ,2015-03-29,2345
キムチ,2015-03-30,2112
キムチ,2015-03-31,2092
キムチ,2015-04-01,2052
キムチ,2015-04-02,1992
キムチ,2015-04-03,2421
キムチ,2015-04-04,2344
キムチ,2015-04-05,2575
キムチ,2015-04-06,1997
キムチ,2015-04-07,1956
キムチ,2015-04-08,1986
キムチ,2015-04-09,2085
キムチ,2015-04-10,2369
キムチ,2015-04-11,2524
キムチ,2015-04-12,2757
キムチ,2015-04-13,2134
キムチ,2015-04-14,1895
キムチ,2015-04-15,1942
キムチ,2015-04-16,2143
キムチ,2015-04-17,2784
キムチ,2015-04-18,2494
キムチ,2015-04-19,2416
キムチ,2015-04-20,2082
キムチ,2015-04-21,1842
キムチ,2015-04-22,1813
キムチ,2015-04-23,2200
キムチ,2015-04-24,2358
キムチ,2015-04-25,2516
キムチ,2015-04-26,2816
キムチ,2015-04-27,2047
キムチ,2015-04-28,1915
キムチ,2015-04-29,2095
キムチ,2015-04-30,2134
キムチ,2015-05-01,2503
キムチ,2015-05-02,2596
キムチ,2015-05-03,2703
キムチ,2015-05-04,2057
キムチ,2015-05-05,2058
キムチ,2015-05-06,2191
キムチ,2015-05-07,1966
キムチ,2015-05-08,2402
キムチ,2015-05-09,2614
キムチ,2015-05-10,2457
キムチ,2015-05-11,1995
キムチ,2015-05-12,1948
キムチ,2015-05-13,2193
キムチ,2015-05-14,1955
キムチ,2015-05-15,2459
キムチ,2015-05-16,2664
キムチ,2015-05-17,2411
キムチ,2015-05-18,2187
キムチ,2015-05-19,2006
キムチ,2015-05-20,1865
キムチ,2015-05-21,2049
キムチ,2015-05-22,2853
キムチ,2015-05-23,2688
キムチ,2015-05-24,2558
キムチ,2015-05-25,1929
キムチ,2015-05-26,2134
キムチ,2015-05-27,1858
キムチ,2015-05-28,1877
キムチ,2015-05-29,2806
キムチ,2015-05-30,2500
グラタン,2015-03-01,2276
グラタン,2015-03-02,1902
グラタン,2015-03-03,1690
グラタン,2015-03-04,1626
グラタン,2015-03-05,1766
グラタン,2015-03-06,2332
グラタン,2015-03-07,2303
グラタン,2015-03-08,2266
グラタン,2015-03-09,1932
グラタン,2015-03-10,1784
グラタン,2015-03-11,1812
グラタン,2015-03-12,1967
グラタン,2015-03-13,2469
グラタン,2015-03-14,2204
グラタン,2015-03-15,2251
グラタン,2015-03-16,1970
グラタン,2015-03-17,1831
グラタン,2015-03-18,1894
グラタン,2015-03-19,1754
グラタン,2015-03-20,2466
グラタン,2015-03-21,2358
グラタン,2015-03-22,2534
グラタン,2015-03-23,1687
グラタン,2015-03-24,1722
グラタン,2015-03-25,1654
グラタン,2015-03-26,1696
グラタン,2015-03-27,2563
グラタン,2015-03-28,2245
グラタン,2015-03-29,2446
グラタン,2015-03-30,1903
グラタン,2015-03-31,1658
グラタン,2015-04-01,1706
グラタン,2015-04-02,1717
グラタン,2015-04-03,2153
グラタン,2015-04-04,2161
グラタン,2015-04-05,2570
グラタン,2015-04-06,1975
グラタン,2015-04-07,1669
グラタン,2015-04-08,1946
グラタン,2015-04-09,1827
グラタン,2015-04-10,2291
グラタン,2015-04-11,2317
グラタン,2015-04-12,2437
グラタン,2015-04-13,1650
グラタン,2015-04-14,1742
グラタン,2015-04-15,1865
グラタン,2015-04-16,1734
グラタン,2015-04-17,2495
グラタン,2015-04-18,2207
グラタン,2015-04-19,2339
グラタン,2015-04-20,1719
グラタン,2015-04-21,1689
グラタン,2015-04-22,1962
グラタン,2015-04-23,1736
グラタン,2015-04-24,2330
グラタン,2015-04-25,2119
グラタン,2015-04-26,2362
グラタン,2015-04-27,1852
グラタン,2015-04-28,1835
グラタン,2015-04-29,1736
グラタン,2015-04-30,1941
グラタン,2015-05-01,2399
グラタン,2015-05-02,2248
グラタン,2015-05-03,2288
グラタン,2015-05-04,1678
グラタン,2015-05-05,1931
グラタン,2015-05-06,1963
グラタン,2015-05-07,1823
グラタン,2015-05-08,2260
グラタン,2015-05-09,2572
グラタン,2015-05-10,2216
グラタン,2015-05-11,1841
グラタン,2015-05-12,1659
グラタン,2015-05-13,1795
グラタン,2015-05-14,1656
グラタン,2015-05-15,2181
グラタン,2015-05-16,2238
グラタン,2015-05-17,2379
グラタン,2015-05-18,1883
グラタン,2015-05-19,1680
グラタン,2015-05-20,1932
グラタン,2015-05-21,1875
グラタン,2015-05-22,2462
グラタン,2015-05-23,2175
グラタン,2015-05-24,2274
グラタン,2015-05-25,1862
グラタン,2015-05-26,1809
グラタン,2015-05-27,1746
グラタン,2015-05-28,1707
グラタン,2015-05-29,2133
グラタン,2015-05-30,2217
すき焼き,2015-03-01,2775
すき焼き,2015-03-02,2103
すき焼き,2015-03-03,2078
すき焼き,2015-03-04,1843
すき焼き,2015-03-05,1831
すき焼き,2015-03-06,2818
すき焼き,2015-03-07,2541
すき焼き,2015-03-08,2555
すき焼き,2015-03-09,1847
すき焼き,2015-03-10,2014
すき焼き,2015-03-11,1889
すき焼き,2015-03-12,1873
すき焼き,2015-03-13,2672
すき焼き,2015-03-14,2462
すき焼き,2015-03-15,2734
すき焼き,2015-03-16,1819
すき焼き,2015-03-17,2108
すき焼き,2015-03-18,1951
すき焼き,2015-03-19,2081
すき焼き,2015-03-20,2658
すき焼き,2015-03-21,2545
すき焼き,2015-03-22,2639
すき焼き,2015-03-23,1782
すき焼き,2015-03-24,1868
すき焼き,2015-03-25,2061
すき焼き,2015-03-26,1867
すき焼き,2015-03-27,2736
すき焼き,2015-03-28,2475
すき焼き,2015-03-29,2671
すき焼き,2015-03-30,2151
すき焼き,2015-03-31,1828
すき焼き,2015-04-01,1833
すき焼き,2015-04-02,2051
すき焼き,2015-04-03,2537
すき焼き,2015-04-04,2746
すき焼き,2015-04-05,2817
すき焼き,2015-04-06,1810
すき焼き,2015-04-07,1964
すき焼き,2015-04-08,2060
すき焼き,2015-04-09,1816
すき焼き,2015-04-10,2828
すき焼き,2015-04-11,2447
すき焼き,2015-04-12,2342
すき焼き,2015-04-13,2054
すき焼き,2015-04-14,2094
すき焼き,2015-04-15,1922
すき焼き,2015-04-16,1927
すき焼き,2015-04-17,2464
すき焼き,2015-04-18,2358
すき焼き,2015-04-19,2505
すき焼き,2015-04-20,1852
すき焼き,2015-04-21,1994
すき焼き,2015-04-22,1982
すき焼き,2015-04-23,2156
すき焼き,2015-04-24,2492
すき焼き,2015-04-25,2556
すき焼き,2015-04-26,2359
すき焼き,2015-04-27,2123
すき焼き,2015-04-28,1939
すき焼き,2015-04-29,2073
すき焼き,2015-04-30,1850
すき焼き,2015-05-01,2551
すき焼き,2015-05-02,2713
すき焼き,2015-05-03,2349
すき焼き,2015-05-04,2105
すき焼き,2015-05-05,1901
すき焼き,2015-05-06,1926
すき焼き,2015-05-07,1906
すき焼き,2015-05-08,2336
すき焼き,2015-05-09,2584
すき焼き,2015-05-10,2666
すき焼き,2015-05-11,2140
すき焼き,2015-05-12,1792
すき焼き,2015-05-13,2174
すき焼き,2015-05-14,1902
すき焼き,2015-05-15,2800
すき焼き,2015-05-16,2671
すき焼き,2015-05-17,2547
すき焼き,2015-05-18,2105
すき焼き,2015-05-19,1798
すき焼き,2015-05-20,2075
すき焼き,2015-05-21,1920
すき焼き,2015-05-22,2743
すき焼き,2015-05-23,2592
すき焼き,2015-05-24,2458
すき焼き,2015-05-25,2099
すき焼き,2015-05-26,1818
すき焼き,2015-05-27,2112
すき焼き,2015-05-28,1892
すき焼き,2015-05-29,2704
すき焼き,2015-05-30,2813
タコ焼き,2015-03-01,6218
タコ焼き,2015-03-02,5590
タコ焼き,2015-03-03,5536
タコ焼き,2015-03-04,5100
タコ焼き,2015-03-05,5040
タコ焼き,2015-03-06,6386
タコ焼き,2015-03-07,6880
タコ焼き,2015-03-08,7313
タコ焼き,2015-03-09,5251
タコ焼き,2015-03-10,5311
タコ焼き,2015-03-11,5393
タコ焼き,2015-03-12,5251
タコ焼き,2015-03-13,6799
タコ焼き,2015-03-14,6129
タコ焼き,2015-03-15,6172
タコ焼き,2015-03-16,5668
タコ焼き,2015-03-17,5501
タコ焼き,2015-03-18,4908
タコ焼き,2015-03-19,5377
タコ焼き,2015-03-20,6995
タコ焼き,2015-03-21,6644
タコ焼き,2015-03-22,7210
タコ焼き,2015-03-23,5269
タコ焼き,2015-03-24,5622
タコ焼き,2015-03-25,5276
タコ焼き,2015-03-26,5644
タコ焼き,2015-03-27,6905
タコ焼き,2015-03-28,6682
タコ焼き,2015-03-29,7396
タコ焼き,2015-03-30,5438
タコ焼き,2015-03-31,5129
タコ焼き,2015-04-01,4717
タコ焼き,2015-04-02,5290
タコ焼き,2015-04-03,6773
タコ焼き,2015-04-04,7300
タコ焼き,2015-04-05,7211
タコ焼き,2015-04-06,5590
タコ焼き,2015-04-07,5082
タコ焼き,2015-04-08,5610
タコ焼き,2015-04-09,4856
タコ焼き,2015-04-10,6490
タコ焼き,2015-04-11,7012
タコ焼き,2015-04-12,7434
タコ焼き,2015-04-13,5306
タコ焼き,2015-04-14,5248
タコ焼き,2015-04-15,4761
タコ焼き,2015-04-16,5710
タコ焼き,2015-04-17,6271
タコ焼き,2015-04-18,6227
タコ焼き,2015-04-19,7303
タコ焼き,2015-04-20,5229
タコ焼き,2015-04-21,5050
タコ焼き,2015-04-22,5632
タコ焼き,2015-04-23,4731
タコ焼き,2015-04-24,6429
タコ焼き,2015-04-25,7039
タコ焼き,2015-04-26,6414
タコ焼き,2015-04-27,5031
タコ焼き,2015-04-28,4880
タコ焼き,2015-04-29,5535
タコ焼き,2015-04-30,4851
タコ焼き,2015-05-01,7224
タコ焼き,2015-05-02,6557
タコ焼き,2015-05-03,6615
タコ焼き,2015-05-04,5355
タコ焼き,2015-05-05,4799
タコ焼き,2015-05-06,4721
タコ焼き,2015-05-07,5735
タコ焼き,2015-05-08,6900
タコ焼き,2015-05-09,7168
タコ焼き,2015-05-10,7318
タコ焼き,2015-05-11,5486
タコ焼き,2015-05-12,5720
タコ焼き,2015-05-13,4744
タコ焼き,2015-05-14,5641
タコ焼き,2015-05-15,7282
タコ焼き,2015-05-16,7160
タコ焼き,2015-05-17,6619
タコ焼き,2015-05-18,4742
タコ焼き,2015-05-19,5078
タコ焼き,2015-05-20,4984
タコ焼き,2015-05-21,5586
タコ焼き,2015-05-22,6599
タコ焼き,2015-05-23,6521
タコ焼き,2015-05-24,7138
タコ焼き,2015-05-25,5580
タコ焼き,2015-05-26,5176
タコ焼き,2015-05-27,5460
タコ焼き,2015-05-28,4807
タコ焼き,2015-05-29,6406
タコ焼き,2015-05-30,7402
ピザ,2015-03-01,4575
ピザ,2015-03-02,3564
ピザ,2015-03-03,3295
ピザ,2015-03-04,3413
ピザ,2015-03-05,3550
ピザ,2015-03-06,4693
ピザ,2015-03-07,4255
ピザ,2015-03-08,3998
ピザ,2015-03-09,3434
ピザ,2015-03-10,3515
ピザ,2015-03-11,3072
ピザ,2015-03-12,3216
ピザ,2015-03-13,4455
ピザ,2015-03-14,4575
ピザ,2015-03-15,4718
ピザ,2015-03-16,3334
ピザ,2015-03-17,3395
ピザ,2015-03-18,3509
ピザ,2015-03-19,3589
ピザ,2015-03-20,4711
ピザ,2015-03-21,3969
ピザ,2015-03-22,4358
ピザ,2015-03-23,3250
ピザ,2015-03-24,3582
ピザ,2015-03-25,3555
ピザ,2015-03-26,3094
ピザ,2015-03-27,4540
ピザ,2015-03-28,4124
ピザ,2015-03-29,3985
ピザ,2015-03-30,3642
ピザ,2015-03-31,3120
ピザ,2015-04-01,3449
ピザ,2015-04-02,3131
ピザ,2015-04-03,3937
ピザ,2015-04-04,4374
ピザ,2015-04-05,3995
ピザ,2015-04-06,3205
ピザ,2015-04-07,3297
ピザ,2015-04-08,3408
ピザ,2015-04-09,3555
ピザ,2015-04-10,4095
ピザ,2015-04-11,4320
ピザ,2015-04-12,4310
ピザ,2015-04-13,3507
ピザ,2015-04-14,3494
ピザ,2015-04-15,3572
ピザ,2015-04-16,3609
ピザ,2015-04-17,4749
ピザ,2015-04-18,4399
ピザ,2015-04-19,4374
ピザ,2015-04-20,3129
ピザ,2015-04-21,3336
ピザ,2015-04-22,3185
ピザ,2015-04-23,3042
ピザ,2015-04-24,4472
ピザ,2015-04-25,4389
ピザ,2015-04-26,4042
ピザ,2015-04-27,3205
ピザ,2015-04-28,3406
ピザ,2015-04-29,3126
ピザ,2015-04-30,3080
ピザ,2015-05-01,4293
ピザ,2015-05-02,4229
ピザ,2015-05-03,4655
ピザ,2015-05-04,3189
ピザ,2015-05-05,3031
ピザ,2015-05-06,3593
ピザ,2015-05-07,3239
ピザ,2015-05-08,4470
ピザ,2015-05-09,4395
ピザ,2015-05-10,4247
ピザ,2015-05-11,3140
ピザ,2015-05-12,3302
ピザ,2015-05-13,3438
ピザ,2015-05-14,3364
ピザ,2015-05-15,4494
ピザ,2015-05-16,4555
ピザ,2015-05-17,4344
ピザ,2015-05-18,3273
ピザ,2015-05-19,3020
ピザ,2015-05-20,3017
ピザ,2015-05-21,3682
ピザ,2015-05-22,4013
ピザ,2015-05-23,4284
ピザ,2015-05-24,4545
ピザ,2015-05-25,3513
ピザ,2015-05-26,3599
ピザ,2015-05-27,3422
ピザ,2015-05-28,3522
ピザ,2015-05-29,4657
ピザ,2015-05-30,4453
フライ,2015-03-01,10597
フライ,2015-03-02,6965
フライ,2015-03-03,7572
フライ,2015-03-04,8277
フライ,2015-03-05,7927
フライ,2015-03-06,10860
フライ,2015-03-07,9354
フライ,2015-03-08,9641
フライ,2015-03-09,8169
フライ,2015-03-10,8453
フライ,2015-03-11,7426
フライ,2015-03-12,6932
フライ,2015-03-13,10995
フライ,2015-03-14,9306
フライ,2015-03-15,9108
フライ,2015-03-16,7850
フライ,2015-03-17,7425
フライ,2015-03-18,7743
フライ,2015-03-19,8155
フライ,2015-03-20,9147
フライ,2015-03-21,10400
フライ,2015-03-22,10908
フライ,2015-03-23,7358
フライ,2015-03-24,7314
フライ,2015-03-25,7176
フライ,2015-03-26,7040
フライ,2015-03-27,10125
フライ,2015-03-28,9990
フライ,2015-03-29,9999
フライ,2015-03-30,8298
フライ,2015-03-31,6987
フライ,2015-04-01,7244
フライ,2015-04-02,7721
フライ,2015-04-03,9482
フライ,2015-04-04,10161
フライ,2015-04-05,9974
フライ,2015-04-06,7807
フライ,2015-04-07,7152
フライ,2015-04-08,7154
フライ,2015-04-09,7565
フライ,2015-04-10,10376
フライ,2015-04-11,10317
フライ,2015-04-12,10843
フライ,2015-04-13,8182
フライ,2015-04-14,7971
フライ,2015-04-15,8174
フライ,2015-04-16,7127
フライ,2015-04-17,9511
フライ,2015-04-18,9673
フライ,2015-04-19,9824
フライ,2015-04-20,7908
フライ,2015-04-21,8175
フライ,2015-04-22,7329
フライ,2015-04-23,8192
フライ,2015-04-24,9040
フライ,2015-04-25,10319
フライ,2015-04-26,10634
フライ,2015-04-27,7641
フライ,2015-04-28,7243
フライ,2015-04-29,6959
フライ,2015-04-30,7366
フライ,2015-05-01,10841
フライ,2015-05-02,10878
フライ,2015-05-03,10095
フライ,2015-05-04,7268
フライ,2015-05-05,7684
フライ,2015-05-06,8164
フライ,2015-05-07,7558
フライ,2015-05-08,9217
フライ,2015-05-09,9571
フライ,2015-05-10,9733
フライ,2015-05-11,7329
フライ,2015-05-12,7655
フライ,2015-05-13,7493
フライ,2015-05-14,7117
フライ,2015-05-15,9103
フライ,2015-05-16,9535
フライ,2015-05-17,10948
フライ,2015-05-18,7682
フライ,2015-05-19,7666
フライ,2015-05-20,8083
フライ,2015-05-21,7958
フライ,2015-05-22,9108
フライ,2015-05-23,10401
フライ,2015-05-24,9736
フライ,2015-05-25,8292
フライ,2015-05-26,8124
フライ,2015-05-27,7144
フライ,2015-05-28,7384
フライ,2015-05-29,9261
フライ,2015-05-30,10190
ポテト,2015-03-01,9160
ポテト,2015-03-02,7223
ポテト,2015-03-03,6697
ポテト,2015-03-04,7107
ポテト,2015-03-05,7644
ポテト,2015-03-06,9488
ポテト,2015-03-07,8280
ポテト,2015-03-08,8960
ポテト,2015-03-09,6339
ポテト,2015-03-10,6737
ポテト,2015-03-11,7286
ポテト,2015-03-12,6270
ポテト,2015-03-13,9540
ポテト,2015-03-14,8981
ポテト,2015-03-15,9448
ポテト,2015-03-16,7192
ポテト,2015-03-17,7060
ポテト,2015-03-18,7244
ポテト,2015-03-19,7179
ポテト,2015-03-20,8667
ポテト,2015-03-21,8319
ポテト,2015-03-22,9885
ポテト,2015-03-23,7289
ポテト,2015-03-24,7117
ポテト,2015-03-25,6431
ポテト,2015-03-26,7030
ポテト,2015-03-27,8619
ポテト,2015-03-28,9769
ポテト,2015-03-29,8160
ポテト,2015-03-30,6593
ポテト,2015-03-31,6445
ポテト,2015-04-01,6718
ポテト,2015-04-02,7275
ポテト,2015-04-03,9938
ポテト,2015-04-04,9437
ポテト,2015-04-05,9056
ポテト,2015-04-06,6871
ポテト,2015-04-07,7585
ポテト,2015-04-08,6431
ポテト,2015-04-09,6369
ポテト,2015-04-10,9752
ポテト,2015-04-11,8911
ポテト,2015-04-12,8220
ポテト,2015-04-13,7165
ポテト,2015-04-14,6916
ポテト,2015-04-15,7124
ポテト,2015-04-16,6641
ポテト,2015-04-17,8428
ポテト,2015-04-18,8350
ポテト,2015-04-19,9062
ポテト,2015-04-20,7027
ポテト,2015-04-21,6460
ポテト,2015-04-22,6500
ポテト,2015-04-23,7325
ポテト,2015-04-24,9098
ポテト,2015-04-25,9701
ポテト,2015-04-26,9362
ポテト,2015-04-27,6282
ポテト,2015-04-28,7229
ポテト,2015-04-29,7505
ポテト,2015-04-30,7144
ポテト,2015-05-01,8337
ポテト,2015-05-02,9810
ポテト,2015-05-03,9365
ポテト,2015-05-04,6471
ポテト,2015-05-05,7302
ポテト,2015-05-06,7576
ポテト,2015-05-07,6850
ポテト,2015-05-08,8682
ポテト,2015-05-09,8613
ポテト,2015-05-10,8547
ポテト,2015-05-11,7051
ポテト,2015-05-12,7317
ポテト,2015-05-13,7196
ポテト,2015-05-14,7025
ポテト,2015-05-15,9612
ポテト,2015-05-16,9517
ポテト,2015-05-17,8180
ポテト,2015-05-18,6794
ポテト,2015-05-19,6335
ポテト,2015-05-20,7375
ポテト,2015-05-21,7550
ポテト,2015-05-22,9125
ポテト,2015-05-23,9686
ポテト,2015-05-24,9199
ポテト,2015-05-25,7194
ポテト,2015-05-26,6976
ポテト,2015-05-27,7326
ポテト,2015-05-28,7521
ポテト,2015-05-29,9628
ポテト,2015-05-30,8272
寄せ鍋,2015-03-01,2881
寄せ鍋,2015-03-02,2240
寄せ鍋,2015-03-03,2640
寄せ鍋,2015-03-04,2498
寄せ鍋,2015-03-05,2368
寄せ鍋,2015-03-06,3492
寄せ鍋,2015-03-07,3256
寄せ鍋,2015-03-08,3218
寄せ鍋,2015-03-09,2403
寄せ鍋,2015-03-10,2371
寄せ鍋,2015-03-11,2612
寄せ鍋,2015-03-12,2235
寄せ鍋,2015-03-13,3111
寄せ鍋,2015-03-14,3426
寄せ鍋,2015-03-15,3325
寄せ鍋,2015-03-16,2551
寄せ鍋,2015-03-17,2385
寄せ鍋,2015-03-18,2487
寄せ鍋,2015-03-19,2282
寄せ鍋,2015-03-20,3380
寄せ鍋,2015-03-21,3445
寄せ鍋,2015-03-22,3009
寄せ鍋,2015-03-23,2593
寄せ鍋,2015-03-24,2507
寄せ鍋,2015-03-25,2685
寄せ鍋,2015-03-26,2292
寄せ鍋,2015-03-27,3215
寄せ鍋,2015-03-28,3437
寄せ鍋,2015-03-29,3434
寄せ鍋,2015-03-30,2226
寄せ鍋,2015-03-31,2694
寄せ鍋,2015-04-01,2455
寄せ鍋,2015-04-02,2405
寄せ鍋,2015-04-03,3145
寄せ鍋,2015-04-04,2938
寄せ鍋,2015-04-05,2982
寄せ鍋,2015-04-06,2413
寄せ鍋,2015-04-07,2382
寄せ鍋,2015-04-08,2418
寄せ鍋,2015-04-09,2364
寄せ鍋,2015-04-10,3237
寄せ鍋,2015-04-11,2978
寄せ鍋,2015-04-12,3490
寄せ鍋,2015-04-13,2236
寄せ鍋,2015-04-14,2397
寄せ鍋,2015-04-15,2688
寄せ鍋,2015-04-16,2532
寄せ鍋,2015-04-17,2917
寄せ鍋,2015-04-18,3140
寄せ鍋,2015-04-19,3151
寄せ鍋,2015-04-20,2464
寄せ鍋,2015-04-21,2435
寄せ鍋,2015-04-22,2521
寄せ鍋,2015-04-23,2283
寄せ鍋,2015-04-24,3459
寄せ鍋,2015-04-25,3242
寄せ鍋,2015-04-26,3229
寄せ鍋,2015-04-27,2271
寄せ鍋,2015-04-28,2589
寄せ鍋,2015-04-29,2449
寄せ鍋,2015-04-30,2599
寄せ鍋,2015-05-01,2908
寄せ鍋,2015-05-02,3403
寄せ鍋,2015-05-03,3051
寄せ鍋,2015-05-04,2353
寄せ鍋,2015-05-05,2530
寄せ鍋,2015-05-06,2680
寄せ鍋,2015-05-07,2217
寄せ鍋,2015-05-08,3103
寄せ鍋,2015-05-09,3146
寄せ鍋,2015-05-10,3171
寄せ鍋,2015-05-11,2564
寄せ鍋,2015-05-12,2667
寄せ鍋,2015-05-13,2523
寄せ鍋,2015-05-14,2658
寄せ鍋,2015-05-15,3363
寄せ鍋,2015-05-16,2966
寄せ鍋,2015-05-17,2976
寄せ鍋,2015-05-18,2308
寄せ鍋,2015-05-19,2427
寄せ鍋,2015-05-20,2257
寄せ鍋,2015-05-21,2324
寄せ鍋,2015-05-22,3244
寄せ鍋,2015-05-23,3134
寄せ鍋,2015-05-24,3240
寄せ鍋,2015-05-25,2622
寄せ鍋,2015-05-26,2530
寄せ鍋,2015-05-27,2407
寄せ鍋,2015-05-28,2563
寄せ鍋,2015-05-29,2948
寄せ鍋,2015-05-30,3053
魚塩焼き,2015-03-01,3046
魚塩焼き,2015-03-02,2144
魚塩焼き,2015-03-03,2463
魚塩焼き,2015-03-04,2460
魚塩焼き,2015-03-05,2290
魚塩焼き,2015-03-06,3154
魚塩焼き,2015-03-07,2868
魚塩焼き,2015-03-08,2730
魚塩焼き,2015-03-09,2273
魚塩焼き,2015-03-10,2283
魚塩焼き,2015-03-11,2227
魚塩焼き,2015-03-12,2155
魚塩焼き,2015-03-13,2994
魚塩焼き,2015-03-14,2702
魚塩焼き,2015-03-15,3154
魚塩焼き,2015-03-16,2327
魚塩焼き,2015-03-17,2365
魚塩焼き,2015-03-18,2285
魚塩焼き,2015-03-19,2198
魚塩焼き,2015-03-20,2967
魚塩焼き,2015-03-21,3165
魚塩焼き,2015-03-22,3041
魚塩焼き,2015-03-23,2252
魚塩焼き,2015-03-24,2443
魚塩焼き,2015-03-25,2217
魚塩焼き,2015-03-26,2337
魚塩焼き,2015-03-27,2963
魚塩焼き,2015-03-28,2852
魚塩焼き,2015-03-29,3023
魚塩焼き,2015-03-30,2176
魚塩焼き,2015-03-31,2320
魚塩焼き,2015-04-01,2276
魚塩焼き,2015-04-02,2130
魚塩焼き,2015-04-03,3063
魚塩焼き,2015-04-04,3019
魚塩焼き,2015-04-05,2780
魚塩焼き,2015-04-06,2327
魚塩焼き,2015-04-07,2266
魚塩焼き,2015-04-08,2276
魚塩焼き,2015-04-09,2453
魚塩焼き,2015-04-10,3121
魚塩焼き,2015-04-11,2964
魚塩焼き,2015-04-12,3003
魚塩焼き,2015-04-13,2182
魚塩焼き,2015-04-14,2105
魚塩焼き,2015-04-15,2250
魚塩焼き,2015-04-16,2076
魚塩焼き,2015-04-17,3210
魚塩焼き,2015-04-18,3285
魚塩焼き,2015-04-19,3115
魚塩焼き,2015-04-20,2450
魚塩焼き,2015-04-21,2480
魚塩焼き,2015-04-22,2318
魚塩焼き,2015-04-23,2325
魚塩焼き,2015-04-24,2856
魚塩焼き,2015-04-25,3085
魚塩焼き,2015-04-26,2837
魚塩焼き,2015-04-27,2203
魚塩焼き,2015-04-28,2399
魚塩焼き,2015-04-29,2405
魚塩焼き,2015-04-30,2150
魚塩焼き,2015-05-01,2874
魚塩焼き,2015-05-02,2912
魚塩焼き,2015-05-03,2737
魚塩焼き,2015-05-04,2398
魚塩焼き,2015-05-05,2323
魚塩焼き,2015-05-06,2132
魚塩焼き,2015-05-07,2518
魚塩焼き,2015-05-08,3027
魚塩焼き,2015-05-09,3162
魚塩焼き,2015-05-10,3199
魚塩焼き,2015-05-11,2474
魚塩焼き,2015-05-12,2438
魚塩焼き,2015-05-13,2364
魚塩焼き,2015-05-14,2359
魚塩焼き,2015-05-15,2853
魚塩焼き,2015-05-16,2709
魚塩焼き,2015-05-17,2942
魚塩焼き,2015-05-18,2233
魚塩焼き,2015-05-19,2250
魚塩焼き,2015-05-20,2149
魚塩焼き,2015-05-21,2217
魚塩焼き,2015-05-22,2938
魚塩焼き,2015-05-23,3145
魚塩焼き,2015-05-24,2854
魚塩焼き,2015-05-25,2123
魚塩焼き,2015-05-26,2083
魚塩焼き,2015-05-27,2441
魚塩焼き,2015-05-28,2291
魚塩焼き,2015-05-29,3173
魚塩焼き,2015-05-30,2738
刺身,2015-03-01,6240
刺身,2015-03-02,4815
刺身,2015-03-03,5448
刺身,2015-03-04,5467
刺身,2015-03-05,5712
刺身,2015-03-06,6928
刺身,2015-03-07,6474
刺身,2015-03-08,6354
刺身,2015-03-09,5513
刺身,2015-03-10,5437
刺身,2015-03-11,4906
刺身,2015-03-12,5454
刺身,2015-03-13,7256
刺身,2015-03-14,6800
刺身,2015-03-15,6893
刺身,2015-03-16,5655
刺身,2015-03-17,5669
刺身,2015-03-18,5367
刺身,2015-03-19,4755
刺身,2015-03-20,7201
刺身,2015-03-21,6732
刺身,2015-03-22,6613
刺身,2015-03-23,4991
刺身,2015-03-24,4934
刺身,2015-03-25,5119
刺身,2015-03-26,5655
刺身,2015-03-27,6442
刺身,2015-03-28,6853
刺身,2015-03-29,6357
刺身,2015-03-30,4881
刺身,2015-03-31,5427
刺身,2015-04-01,5006
刺身,2015-04-02,4824
刺身,2015-04-03,6162
刺身,2015-04-04,7343
刺身,2015-04-05,6852
刺身,2015-04-06,4802
刺身,2015-04-07,5267
刺身,2015-04-08,5242
刺身,2015-04-09,5532
刺身,2015-04-10,7034
刺身,2015-04-11,6852
刺身,2015-04-12,7059
刺身,2015-04-13,5463
刺身,2015-04-14,5077
刺身,2015-04-15,4980
刺身,2015-04-16,5233
刺身,2015-04-17,6435
刺身,2015-04-18,7209
刺身,2015-04-19,6632
刺身,2015-04-20,4756
刺身,2015-04-21,5672
刺身,2015-04-22,4906
刺身,2015-04-23,5102
刺身,2015-04-24,6930
刺身,2015-04-25,6934
刺身,2015-04-26,6528
刺身,2015-04-27,4824
刺身,2015-04-28,5631
刺身,2015-04-29,5303
刺身,2015-04-30,5460
刺身,2015-05-01,7326
刺身,2015-05-02,6799
刺身,2015-05-03,6587
刺身,2015-05-04,4748
刺身,2015-05-05,5569
刺身,2015-05-06,5211
刺身,2015-05-07,4898
刺身,2015-05-08,6592
刺身,2015-05-09,6364
刺身,2015-05-10,6705
刺身,2015-05-11,4931
刺身,2015-05-12,4803
刺身,2015-05-13,4755
刺身,2015-05-14,5399
刺身,2015-05-15,6472
刺身,2015-05-16,6286
刺身,2015-05-17,7399
刺身,2015-05-18,5107
刺身,2015-05-19,5098
刺身,2015-05-20,5354
刺身,2015-05-21,5633
刺身,2015-05-22,6377
刺身,2015-05-23,6825
刺身,2015-05-24,7058
刺身,2015-05-25,5093
刺身,2015-05-26,4778
刺身,2015-05-27,5340
刺身,2015-05-28,4683
刺身,2015-05-29,6369
刺身,2015-05-30,7002
枝豆,2015-03-01,8371
枝豆,2015-03-02,6360
枝豆,2015-03-03,5562
枝豆,2015-03-04,5865
枝豆,2015-03-05,6346
枝豆,2015-03-06,8101
枝豆,2015-03-07,7947
枝豆,2015-03-08,7213
枝豆,2015-03-09,6066
枝豆,2015-03-10,5939
枝豆,2015-03-11,6319
枝豆,2015-03-12,5431
枝豆,2015-03-13,7324
枝豆,2015-03-14,8395
枝豆,2015-03-15,7191
枝豆,2015-03-16,6562
枝豆,2015-03-17,5862
枝豆,2015-03-18,6430
枝豆,2015-03-19,6465
枝豆,2015-03-20,7783
枝豆,2015-03-21,8140
枝豆,2015-03-22,7779
枝豆,2015-03-23,6586
枝豆,2015-03-24,5478
枝豆,2015-03-25,5589
枝豆,2015-03-26,6342
枝豆,2015-03-27,7866
枝豆,2015-03-28,7670
枝豆,2015-03-29,8578
枝豆,2015-03-30,5707
枝豆,2015-03-31,6009
枝豆,2015-04-01,5495
枝豆,2015-04-02,6376
枝豆,2015-04-03,7616
枝豆,2015-04-04,8271
枝豆,2015-04-05,7329
枝豆,2015-04-06,6536
枝豆,2015-04-07,5815
枝豆,2015-04-08,6026
枝豆,2015-04-09,5534
枝豆,2015-04-10,8402
枝豆,2015-04-11,8509
枝豆,2015-04-12,7083
枝豆,2015-04-13,5992
枝豆,2015-04-14,5671
枝豆,2015-04-15,6431
枝豆,2015-04-16,6037
枝豆,2015-04-17,7027
枝豆,2015-04-18,7453
枝豆,2015-04-19,7527
枝豆,2015-04-20,6106
枝豆,2015-04-21,5700
枝豆,2015-04-22,5452
枝豆,2015-04-23,5533
枝豆,2015-04-24,8118
枝豆,2015-04-25,8485
枝豆,2015-04-26,7505
枝豆,2015-04-27,5494
枝豆,2015-04-28,5786
枝豆,2015-04-29,6150
枝豆,2015-04-30,5928
枝豆,2015-05-01,8270
枝豆,2015-05-02,7456
枝豆,2015-05-03,7910
枝豆,2015-05-04,5451
枝豆,2015-05-05,5629
枝豆,2015-05-06,6273
枝豆,2015-05-07,6392
枝豆,2015-05-08,7817
枝豆,2015-05-09,7906
枝豆,2015-05-10,7022
枝豆,2015-05-11,5573
枝豆,2015-05-12,6439
枝豆,2015-05-13,5499
枝豆,2015-05-14,5693
枝豆,2015-05-15,8551
枝豆,2015-05-16,7921
枝豆,2015-05-17,7408
枝豆,2015-05-18,6138
枝豆,2015-05-19,5438
枝豆,2015-05-20,5576
枝豆,2015-05-21,6244
枝豆,2015-05-22,7122
枝豆,2015-05-23,7990
枝豆,2015-05-24,8482
枝豆,2015-05-25,5505
枝豆,2015-05-26,6567
枝豆,2015-05-27,5431
枝豆,2015-05-28,6270
枝豆,2015-05-29,7728
枝豆,2015-05-30,7903
煮物,2015-03-01,8801
煮物,2015-03-02,6369
煮物,2015-03-03,6599
煮物,2015-03-04,6455
煮物,2015-03-05,6062
煮物,2015-03-06,8013
煮物,2015-03-07,7702
煮物,2015-03-08,8768
煮物,2015-03-09,6435
煮物,2015-03-10,6623
煮物,2015-03-11,6379
煮物,2015-03-12,6018
煮物,2015-03-13,8576
煮物,2015-03-14,8271
煮物,2015-03-15,7938
煮物,2015-03-16,6319
煮物,2015-03-17,6698
煮物,2015-03-18,6333
煮物,2015-03-19,5926
煮物,2015-03-20,8760
煮物,2015-03-21,7978
煮物,2015-03-22,7868
煮物,2015-03-23,6641
煮物,2015-03-24,6594
煮物,2015-03-25,6727
煮物,2015-03-26,6387
煮物,2015-03-27,7414
煮物,2015-03-28,8167
煮物,2015-03-29,8260
煮物,2015-03-30,6724
煮物,2015-03-31,6588
煮物,2015-04-01,6369
煮物,2015-04-02,5763
煮物,2015-04-03,7595
煮物,2015-04-04,8492
煮物,2015-04-05,7534
煮物,2015-04-06,5927
煮物,2015-04-07,6131
煮物,2015-04-08,6736
煮物,2015-04-09,5968
煮物,2015-04-10,8526
煮物,2015-04-11,7547
煮物,2015-04-12,8647
煮物,2015-04-13,5991
煮物,2015-04-14,6361
煮物,2015-04-15,5713
煮物,2015-04-16,6686
煮物,2015-04-17,7924
煮物,2015-04-18,8872
煮物,2015-04-19,7956
煮物,2015-04-20,6899
煮物,2015-04-21,6154
煮物,2015-04-22,6286
煮物,2015-04-23,6288
煮物,2015-04-24,7391
煮物,2015-04-25,8422
煮物,2015-04-26,8211
煮物,2015-04-27,6074
煮物,2015-04-28,6403
煮物,2015-04-29,6448
煮物,2015-04-30,6222
煮物,2015-05-01,7650
煮物,2015-05-02,8542
煮物,2015-05-03,8596
煮物,2015-05-04,6733
煮物,2015-05-05,6344
煮物,2015-05-06,6051
煮物,2015-05-07,6245
煮物,2015-05-08,8001
煮物,2015-05-09,7779
煮物,2015-05-10,8443
煮物,2015-05-11,6874
煮物,2015-05-12,6037
煮物,2015-05-13,6489
煮物,2015-05-14,6346
煮物,2015-05-15,8350
煮物,2015-05-16,7412
煮物,2015-05-17,7379
煮物,2015-05-18,5836
煮物,2015-05-19,5701
煮物,2015-05-20,5786
煮物,2015-05-21,6269
煮物,2015-05-22,7693
煮物,2015-05-23,8705
煮物,2015-05-24,7771
煮物,2015-05-25,6286
煮物,2015-05-26,6488
煮物,2015-05-27,5870
煮物,2015-05-28,6725
煮物,2015-05-29,8086
煮物,2015-05-30,7753
焼肉,2015-03-01,4492
焼肉,2015-03-02,3355
焼肉,2015-03-03,3662
焼肉,2015-03-04,3347
焼肉,2015-03-05,3369
焼肉,2015-03-06,4530
焼肉,2015-03-07,4384
焼肉,2015-03-08,4592
焼肉,2015-03-09,3682
焼肉,2015-03-10,3734
焼肉,2015-03-11,3833
焼肉,2015-03-12,3509
焼肉,2015-03-13,5104
焼肉,2015-03-14,4230
焼肉,2015-03-15,4785
焼肉,2015-03-16,3574
焼肉,2015-03-17,3495
焼肉,2015-03-18,3875
焼肉,2015-03-19,3295
焼肉,2015-03-20,5039
焼肉,2015-03-21,4388
焼肉,2015-03-22,4413
焼肉,2015-03-23,3866
焼肉,2015-03-24,3284
焼肉,2015-03-25,3409
焼肉,2015-03-26,3955
焼肉,2015-03-27,4847
焼肉,2015-03-28,4620
焼肉,2015-03-29,4565
焼肉,2015-03-30,3572
焼肉,2015-03-31,3817
焼肉,2015-04-01,3717
焼肉,2015-04-02,3576
焼肉,2015-04-03,4262
焼肉,2015-04-04,4434
焼肉,2015-04-05,4430
焼肉,2015-04-06,3406
焼肉,2015-04-07,3284
焼肉,2015-04-08,3598
焼肉,2015-04-09,3416
焼肉,2015-04-10,4922
焼肉,2015-04-11,4724
焼肉,2015-04-12,5099
焼肉,2015-04-13,3302
焼肉,2015-04-14,3922
焼肉,2015-04-15,3760
焼肉,2015-04-16,3904
焼肉,2015-04-17,4787
焼肉,2015-04-18,4363
焼肉,2015-04-19,4383
焼肉,2015-04-20,3766
焼肉,2015-04-21,3664
焼肉,2015-04-22,3465
焼肉,2015-04-23,3796
焼肉,2015-04-24,4527
焼肉,2015-04-25,5013
焼肉,2015-04-26,4755
焼肉,2015-04-27,3539
焼肉,2015-04-28,3911
焼肉,2015-04-29,3573
焼肉,2015-04-30,3312
焼肉,2015-05-01,4648
焼肉,2015-05-02,5133
焼肉,2015-05-03,5078
焼肉,2015-05-04,3553
焼肉,2015-05-05,3866
焼肉,2015-05-06,3456
焼肉,2015-05-07,3815
焼肉,2015-05-08,4961
焼肉,2015-05-09,4574
焼肉,2015-05-10,4569
焼肉,2015-05-11,3705
焼肉,2015-05-12,3860
焼肉,2015-05-13,3713
焼肉,2015-05-14,3612
焼肉,2015-05-15,4351
焼肉,2015-05-16,4786
焼肉,2015-05-17,4251
焼肉,2015-05-18,3599
焼肉,2015-05-19,3772
焼肉,2015-05-20,3783
焼肉,2015-05-21,3285
焼肉,2015-05-22,4626
焼肉,2015-05-23,4681
焼肉,2015-05-24,4465
焼肉,2015-05-25,3671
焼肉,2015-05-26,3770
焼肉,2015-05-27,3754
焼肉,2015-05-28,3324
焼肉,2015-05-29,4750
焼肉,2015-05-30,4959
漬物,2015-03-01,6078
漬物,2015-03-02,5162
漬物,2015-03-03,5274
漬物,2015-03-04,4563
漬物,2015-03-05,5393
漬物,2015-03-06,6740
漬物,2015-03-07,6821
漬物,2015-03-08,6024
漬物,2015-03-09,4472
漬物,2015-03-10,5299
漬物,2015-03-11,5354
漬物,2015-03-12,4582
漬物,2015-03-13,6393
漬物,2015-03-14,6374
漬物,2015-03-15,6679
漬物,2015-03-16,4511
漬物,2015-03-17,5170
漬物,2015-03-18,4837
漬物,2015-03-19,4902
漬物,2015-03-20,6711
漬物,2015-03-21,6383
漬物,2015-03-22,7064
漬物,2015-03-23,5282
漬物,2015-03-24,5264
漬物,2015-03-25,5199
漬物,2015-03-26,4557
漬物,2015-03-27,6857
漬物,2015-03-28,6825
漬物,2015-03-29,7053
漬物,2015-03-30,4494
漬物,2015-03-31,5184
漬物,2015-04-01,4860
漬物,2015-04-02,5021
漬物,2015-04-03,6847
漬物,2015-04-04,5797
漬物,2015-04-05,5795
漬物,2015-04-06,5430
漬物,2015-04-07,5203
漬物,2015-04-08,4757
漬物,2015-04-09,5248
漬物,2015-04-10,7053
漬物,2015-04-11,6038
漬物,2015-04-12,6610
漬物,2015-04-13,4878
漬物,2015-04-14,5373
漬物,2015-04-15,5422
漬物,2015-04-16,4897
漬物,2015-04-17,6076
漬物,2015-04-18,6673
漬物,2015-04-19,6495
漬物,2015-04-20,5024
漬物,2015-04-21,4874
漬物,2015-04-22,4867
漬物,2015-04-23,5036
漬物,2015-04-24,6360
漬物,2015-04-25,7008
漬物,2015-04-26,6864
漬物,2015-04-27,4666
漬物,2015-04-28,4861
漬物,2015-04-29,4861
漬物,2015-04-30,4467
漬物,2015-05-01,6268
漬物,2015-05-02,6322
漬物,2015-05-03,6026
漬物,2015-05-04,5143
漬物,2015-05-05,4459
漬物,2015-05-06,5168
漬物,2015-05-07,4874
漬物,2015-05-08,6719
漬物,2015-05-09,5798
漬物,2015-05-10,5838
漬物,2015-05-11,4859
漬物,2015-05-12,5082
漬物,2015-05-13,4663
漬物,2015-05-14,5269
漬物,2015-05-15,6672
漬物,2015-05-16,6935
漬物,2015-05-17,6312
漬物,2015-05-18,4852
漬物,2015-05-19,4693
漬物,2015-05-20,4815
漬物,2015-05-21,4675
漬物,2015-05-22,6976
漬物,2015-05-23,6392
漬物,2015-05-24,5841
漬物,2015-05-25,5210
漬物,2015-05-26,4773
漬物,2015-05-27,4992
漬物,2015-05-28,5114
漬物,2015-05-29,6136
漬物,2015-05-30,5848
卵焼き,2015-03-01,3586
卵焼き,2015-03-02,2862
卵焼き,2015-03-03,3067
卵焼き,2015-03-04,3063
卵焼き,2015-03-05,2570
卵焼き,2015-03-06,3639
卵焼き,2015-03-07,3564
卵焼き,2015-03-08,3560
卵焼き,2015-03-09,2698
卵焼き,2015-03-10,2902
卵焼き,2015-03-11,2679
卵焼き,2015-03-12,2738
卵焼き,2015-03-13,3997
卵焼き,2015-03-14,3853
卵焼き,2015-03-15,3503
卵焼き,2015-03-16,2978
卵焼き,2015-03-17,2644
卵焼き,2015-03-18,2801
卵焼き,2015-03-19,2614
卵焼き,2015-03-20,3363
卵焼き,2015-03-21,3929
卵焼き,2015-03-22,3344
卵焼き,2015-03-23,3004
卵焼き,2015-03-24,2675
卵焼き,2015-03-25,2535
卵焼き,2015-03-26,2961
卵焼き,2015-03-27,3537
卵焼き,2015-03-28,3294
卵焼き,2015-03-29,3819
卵焼き,2015-03-30,2537
卵焼き,2015-03-31,2763
卵焼き,2015-04-01,2664
卵焼き,2015-04-02,2799
卵焼き,2015-04-03,3752
卵焼き,2015-04-04,3337
卵焼き,2015-04-05,3407
卵焼き,2015-04-06,2578
卵焼き,2015-04-07,2975
卵焼き,2015-04-08,2871
卵焼き,2015-04-09,2873
卵焼き,2015-04-10,3561
卵焼き,2015-04-11,3591
卵焼き,2015-04-12,3530
卵焼き,2015-04-13,2964
卵焼き,2015-04-14,3017
卵焼き,2015-04-15,2885
卵焼き,2015-04-16,2852
卵焼き,2015-04-17,3515
卵焼き,2015-04-18,3331
卵焼き,2015-04-19,3707
卵焼き,2015-04-20,2620
卵焼き,2015-04-21,2935
卵焼き,2015-04-22,2685
卵焼き,2015-04-23,2878
卵焼き,2015-04-24,3367
卵焼き,2015-04-25,3462
卵焼き,2015-04-26,3873
卵焼き,2015-04-27,2970
卵焼き,2015-04-28,2546
卵焼き,2015-04-29,3010
卵焼き,2015-04-30,2592
卵焼き,2015-05-01,3719
卵焼き,2015-05-02,3618
卵焼き,2015-05-03,3682
卵焼き,2015-05-04,2929
卵焼き,2015-05-05,2783
卵焼き,2015-05-06,3074
卵焼き,2015-05-07,3071
卵焼き,2015-05-08,3562
卵焼き,2015-05-09,3719
卵焼き,2015-05-10,3528
卵焼き,2015-05-11,2765
卵焼き,2015-05-12,2648
卵焼き,2015-05-13,2523
卵焼き,2015-05-14,2533
卵焼き,2015-05-15,3319
卵焼き,2015-05-16,3833
卵焼き,2015-05-17,3617
卵焼き,2015-05-18,2996
卵焼き,2015-05-19,2846
卵焼き,2015-05-20,2625
卵焼き,2015-05-21,2861
卵焼き,2015-05-22,3926
卵焼き,2015-05-23,3854
卵焼き,2015-05-24,3643
卵焼き,2015-05-25,2757
卵焼き,2015-05-26,2886
卵焼き,2015-05-27,3017
卵焼き,2015-05-28,3020
卵焼き,2015-05-29,3406
卵焼き,2015-05-30,3463
冷奴,2015-03-01,4534
冷奴,2015-03-02,4005
冷奴,2015-03-03,3485
冷奴,2015-03-04,4029
冷奴,2015-03-05,3985
冷奴,2015-03-06,5350
冷奴,2015-03-07,4882
冷奴,2015-03-08,5346
冷奴,2015-03-09,3996
冷奴,2015-03-10,4063
冷奴,2015-03-11,3700
冷奴,2015-03-12,3477
冷奴,2015-03-13,4695
冷奴,2015-03-14,5132
冷奴,2015-03-15,4773
冷奴,2015-03-16,3691
冷奴,2015-03-17,3426
冷奴,2015-03-18,3796
冷奴,2015-03-19,3494
冷奴,2015-03-20,5293
冷奴,2015-03-21,4496
冷奴,2015-03-22,5193
冷奴,2015-03-23,4048
冷奴,2015-03-24,3430
冷奴,2015-03-25,3610
冷奴,2015-03-26,3887
冷奴,2015-03-27,5194
冷奴,2015-03-28,4816
冷奴,2015-03-29,5342
冷奴,2015-03-30,3697
冷奴,2015-03-31,3723
冷奴,2015-04-01,3619
冷奴,2015-04-02,3864
冷奴,2015-04-03,4972
冷奴,2015-04-04,4462
冷奴,2015-04-05,5155
冷奴,2015-04-06,3558
冷奴,2015-04-07,3898
冷奴,2015-04-08,3797
冷奴,2015-04-09,3881
冷奴,2015-04-10,5030
冷奴,2015-04-11,4703
冷奴,2015-04-12,4643
冷奴,2015-04-13,3809
冷奴,2015-04-14,4155
冷奴,2015-04-15,3651
冷奴,2015-04-16,3646
冷奴,2015-04-17,4457
冷奴,2015-04-18,4939
冷奴,2015-04-19,5009
冷奴,2015-04-20,3963
冷奴,2015-04-21,4122
冷奴,2015-04-22,3772
冷奴,2015-04-23,3465
冷奴,2015-04-24,4678
冷奴,2015-04-25,5282
冷奴,2015-04-26,5260
冷奴,2015-04-27,4039
冷奴,2015-04-28,4118
冷奴,2015-04-29,3895
冷奴,2015-04-30,3771
冷奴,2015-05-01,4607
冷奴,2015-05-02,5123
冷奴,2015-05-03,4506
冷奴,2015-05-04,3751
冷奴,2015-05-05,4110
冷奴,2015-05-06,4041
冷奴,2015-05-07,3943
冷奴,2015-05-08,4544
冷奴,2015-05-09,5007
冷奴,2015-05-10,5395
冷奴,2015-05-11,3867
冷奴,2015-05-12,3608
冷奴,2015-05-13,3450
冷奴,2015-05-14,3457
冷奴,2015-05-15,5281
冷奴,2015-05-16,4779
冷奴,2015-05-17,5352
冷奴,2015-05-18,3824
冷奴,2015-05-19,3790
冷奴,2015-05-20,4119
冷奴,2015-05-21,3485
冷奴,2015-05-22,5227
冷奴,2015-05-23,4793
冷奴,2015-05-24,4970
冷奴,2015-05-25,3639
冷奴,2015-05-26,3464
冷奴,2015-05-27,3992
冷奴,2015-05-28,3548
冷奴,2015-05-29,5067
冷奴,2015-05-30,4850
餃子,2015-03-01,4397
餃子,2015-03-02,3956
餃子,2015-03-03,3562
餃子,2015-03-04,3263
餃子,2015-03-05,3915
餃子,2015-03-06,5027
餃子,2015-03-07,4775
餃子,2015-03-08,4492
餃子,2015-03-09,3823
餃子,2015-03-10,3926
餃子,2015-03-11,3853
餃子,2015-03-12,3332
餃子,2015-03-13,5119
餃子,2015-03-14,4733
餃子,2015-03-15,4217
餃子,2015-03-16,3338
餃子,2015-03-17,3244
餃子,2015-03-18,3828
餃子,2015-03-19,3803
餃子,2015-03-20,5083
餃子,2015-03-21,4557
餃子,2015-03-22,5124
餃子,2015-03-23,3833
餃子,2015-03-24,3807
餃子,2015-03-25,3688
餃子,2015-03-26,3936
餃子,2015-03-27,4680
餃子,2015-03-28,5048
餃子,2015-03-29,4587
餃子,2015-03-30,3562
餃子,2015-03-31,3914
餃子,2015-04-01,3732
餃子,2015-04-02,3253
餃子,2015-04-03,4367
餃子,2015-04-04,4676
餃子,2015-04-05,4611
餃子,2015-04-06,3954
餃子,2015-04-07,3880
餃子,2015-04-08,3489
餃子,2015-04-09,3748
餃子,2015-04-10,5063
餃子,2015-04-11,4845
餃子,2015-04-12,4810
餃子,2015-04-13,3348
餃子,2015-04-14,3673
餃子,2015-04-15,3436
餃子,2015-04-16,3570
餃子,2015-04-17,4420
餃子,2015-04-18,4451
餃子,2015-04-19,4824
餃子,2015-04-20,3580
餃子,2015-04-21,3356
餃子,2015-04-22,3436
餃子,2015-04-23,3753
餃子,2015-04-24,4786
餃子,2015-04-25,4336
餃子,2015-04-26,4278
餃子,2015-04-27,3936
餃子,2015-04-28,3505
餃子,2015-04-29,3728
餃子,2015-04-30,3849
餃子,2015-05-01,4438
餃子,2015-05-02,4245
餃子,2015-05-03,4769
餃子,2015-05-04,3842
餃子,2015-05-05,3501
餃子,2015-05-06,3479
餃子,2015-05-07,3704
餃子,2015-05-08,5109
餃子,2015-05-09,4770
餃子,2015-05-10,4690
餃子,2015-05-11,3352
餃子,2015-05-12,3849
餃子,2015-05-13,3394
餃子,2015-05-14,3722
餃子,2015-05-15,4790
餃子,2015-05-16,4259
餃子,2015-05-17,5101
餃子,2015-05-18,3659
餃子,2015-05-19,3860
餃子,2015-05-20,3613
餃子,2015-05-21,3432
餃子,2015-05-22,4771
餃子,2015-05-23,4957
餃子,2015-05-24,4857
餃子,2015-05-25,3586
餃子,2015-05-26,3575
餃子,2015-05-27,3685
餃子,2015-05-28,3563
餃子,2015-05-29,4776
餃子,2015-05-30,4216
お菓子,2015-03-01,7072
お菓子,2015-03-02,4857
お菓子,2015-03-03,4572
お菓子,2015-03-04,5316
お菓子,2015-03-05,4990
お菓子,2015-03-06,6926
お菓子,2015-03-07,5840
お菓子,2015-03-08,6926
お菓子,2015-03-09,5170
お菓子,2015-03-10,5217
お菓子,2015-03-11,5310
お菓子,2015-03-12,4951
お菓子,2015-03-13,6983
お菓子,2015-03-14,6059
お菓子,2015-03-15,5826
お菓子,2015-03-16,4768
お菓子,2015-03-17,5109
お菓子,2015-03-18,4767
お菓子,2015-03-19,5390
お菓子,2015-03-20,6794
お菓子,2015-03-21,6228
お菓子,2015-03-22,6411
お菓子,2015-03-23,4867
お菓子,2015-03-24,5224
お菓子,2015-03-25,4936
お菓子,2015-03-26,4470
お菓子,2015-03-27,6618
お菓子,2015-03-28,6094
お菓子,2015-03-29,6753
お菓子,2015-03-30,4748
お菓子,2015-03-31,5352
お菓子,2015-04-01,5300
お菓子,2015-04-02,4912
お菓子,2015-04-03,5883
お菓子,2015-04-04,6535
お菓子,2015-04-05,6537
お菓子,2015-04-06,5439
お菓子,2015-04-07,4787
お菓子,2015-04-08,5115
お菓子,2015-04-09,5384
お菓子,2015-04-10,6531
お菓子,2015-04-11,6682
お菓子,2015-04-12,5907
お菓子,2015-04-13,5313
お菓子,2015-04-14,4951
お菓子,2015-04-15,4676
お菓子,2015-04-16,4863
お菓子,2015-04-17,6932
お菓子,2015-04-18,6429
お菓子,2015-04-19,6657
お菓子,2015-04-20,4735
お菓子,2015-04-21,5264
お菓子,2015-04-22,4699
お菓子,2015-04-23,4821
お菓子,2015-04-24,6095
お菓子,2015-04-25,6996
お菓子,2015-04-26,6326
お菓子,2015-04-27,4591
お菓子,2015-04-28,5360
お菓子,2015-04-29,4799
お菓子,2015-04-30,5299
お菓子,2015-05-01,5975
お菓子,2015-05-02,6254
お菓子,2015-05-03,6107
お菓子,2015-05-04,4500
お菓子,2015-05-05,5232
お菓子,2015-05-06,4652
お菓子,2015-05-07,4843
お菓子,2015-05-08,6208
お菓子,2015-05-09,6566
お菓子,2015-05-10,6488
お菓子,2015-05-11,5436
お菓子,2015-05-12,4706
お菓子,2015-05-13,5183
お菓子,2015-05-14,5423
お菓子,2015-05-15,6510
お菓子,2015-05-16,6297
お菓子,2015-05-17,6853
お菓子,2015-05-18,4566
お菓子,2015-05-19,4985
お菓子,2015-05-20,4894
お菓子,2015-05-21,4726
お菓子,2015-05-22,5994
お菓子,2015-05-23,6914
お菓子,2015-05-24,6515
お菓子,2015-05-25,5000
お菓子,2015-05-26,5041
お菓子,2015-05-27,5176
お菓子,2015-05-28,5088
お菓子,2015-05-29,6582
お菓子,2015-05-30,5859
フルーツ,2015-03-01,5900
フルーツ,2015-03-02,4558
フルーツ,2015-03-03,4595
フルーツ,2015-03-04,4589
フルーツ,2015-03-05,4106
フルーツ,2015-03-06,5332
フルーツ,2015-03-07,6042
フルーツ,2015-03-08,6209
フルーツ,2015-03-09,4163
フルーツ,2015-03-10,4734
フルーツ,2015-03-11,4468
フルーツ,2015-03-12,4918
フルーツ,2015-03-13,5823
フルーツ,2015-03-14,5897
フルーツ,2015-03-15,5682
フルーツ,2015-03-16,4497
フルーツ,2015-03-17,4099
フルーツ,2015-03-18,4514
フルーツ,2015-03-19,4893
フルーツ,2015-03-20,5856
フルーツ,2015-03-21,5751
フルーツ,2015-03-22,5279
フルーツ,2015-03-23,4066
フルーツ,2015-03-24,4074
フルーツ,2015-03-25,4176
フルーツ,2015-03-26,4452
フルーツ,2015-03-27,6180
フルーツ,2015-03-28,5568
フルーツ,2015-03-29,6121
フルーツ,2015-03-30,4500
フルーツ,2015-03-31,4291
フルーツ,2015-04-01,4048
フルーツ,2015-04-02,4631
フルーツ,2015-04-03,5320
フルーツ,2015-04-04,6216
フルーツ,2015-04-05,5399
フルーツ,2015-04-06,4620
フルーツ,2015-04-07,4783
フルーツ,2015-04-08,4263
フルーツ,2015-04-09,4154
フルーツ,2015-04-10,6131
フルーツ,2015-04-11,5489
フルーツ,2015-04-12,5554
フルーツ,2015-04-13,4509
フルーツ,2015-04-14,4457
フルーツ,2015-04-15,4367
フルーツ,2015-04-16,4727
フルーツ,2015-04-17,5892
フルーツ,2015-04-18,5422
フルーツ,2015-04-19,6394
フルーツ,2015-04-20,4251
フルーツ,2015-04-21,4149
フルーツ,2015-04-22,4223
フルーツ,2015-04-23,4372
フルーツ,2015-04-24,5660
フルーツ,2015-04-25,5594
フルーツ,2015-04-26,5293
フルーツ,2015-04-27,4870
フルーツ,2015-04-28,4542
フルーツ,2015-04-29,4230
フルーツ,2015-04-30,4819
フルーツ,2015-05-01,5786
フルーツ,2015-05-02,5873
フルーツ,2015-05-03,6155
フルーツ,2015-05-04,4612
フルーツ,2015-05-05,4162
フルーツ,2015-05-06,4320
フルーツ,2015-05-07,4884
フルーツ,2015-05-08,5461
フルーツ,2015-05-09,6116
フルーツ,2015-05-10,5776
フルーツ,2015-05-11,4159
フルーツ,2015-05-12,4216
フルーツ,2015-05-13,4637
フルーツ,2015-05-14,4156
フルーツ,2015-05-15,5726
フルーツ,2015-05-16,5767
フルーツ,2015-05-17,5967
フルーツ,2015-05-18,4257
フルーツ,2015-05-19,4448
フルーツ,2015-05-20,4180
フルーツ,2015-05-21,4801
フルーツ,2015-05-22,5424
フルーツ,2015-05-23,5344
フルーツ,2015-05-24,6282
フルーツ,2015-05-25,4301
フルーツ,2015-05-26,4706
フルーツ,2015-05-27,4392
フルーツ,2015-05-28,4434
フルーツ,2015-05-29,5428
フルーツ,2015-05-30,5410
牛乳,2015-03-01,1511
牛乳,2015-03-02,1254
牛乳,2015-03-03,1248
牛乳,2015-03-04,1279
牛乳,2015-03-05,1237
牛乳,2015-03-06,1481
牛乳,2015-03-07,1464
牛乳,2015-03-08,1535
牛乳,2015-03-09,1338
牛乳,2015-03-10,1192
牛乳,2015-03-11,1275
牛乳,2015-03-12,1277
牛乳,2015-03-13,1785
牛乳,2015-03-14,1525
牛乳,2015-03-15,1707
牛乳,2015-03-16,1186
牛乳,2015-03-17,1207
牛乳,2015-03-18,1126
牛乳,2015-03-19,1374
牛乳,2015-03-20,1605
牛乳,2015-03-21,1787
牛乳,2015-03-22,1526
牛乳,2015-03-23,1153
牛乳,2015-03-24,1188
牛乳,2015-03-25,1295
牛乳,2015-03-26,1269
牛乳,2015-03-27,1598
牛乳,2015-03-28,1699
牛乳,2015-03-29,1649
牛乳,2015-03-30,1269
牛乳,2015-03-31,1272
牛乳,2015-04-01,1181
牛乳,2015-04-02,2736
牛乳,2015-04-03,3054
牛乳,2015-04-04,3031
牛乳,2015-04-05,3225
牛乳,2015-04-06,3306
牛乳,2015-04-07,2438
牛乳,2015-04-08,3053
牛乳,2015-04-09,2272
牛乳,2015-04-10,3102
牛乳,2015-04-11,2969
牛乳,2015-04-12,3537
牛乳,2015-04-13,2477
牛乳,2015-04-14,2542
牛乳,2015-04-15,2864
牛乳,2015-04-16,2528
牛乳,2015-04-17,3597
牛乳,2015-04-18,2961
牛乳,2015-04-19,3624
牛乳,2015-04-20,2610
牛乳,2015-04-21,2328
牛乳,2015-04-22,3304
牛乳,2015-04-23,2907
牛乳,2015-04-24,3307
牛乳,2015-04-25,3313
牛乳,2015-04-26,3330
牛乳,2015-04-27,2562
牛乳,2015-04-28,2463
牛乳,2015-04-29,2624
牛乳,2015-04-30,2727
牛乳,2015-05-01,3351
牛乳,2015-05-02,3956
牛乳,2015-05-03,2897
牛乳,2015-05-04,2712
牛乳,2015-05-05,3347
牛乳,2015-05-06,2449
牛乳,2015-05-07,2849
牛乳,2015-05-08,2555
牛乳,2015-05-09,2395
牛乳,2015-05-10,2322
牛乳,2015-05-11,3333
牛乳,2015-05-12,3201
牛乳,2015-05-13,2834
牛乳,2015-05-14,2852
牛乳,2015-05-15,3035
牛乳,2015-05-16,2616
牛乳,2015-05-17,2424
牛乳,2015-05-18,2362
牛乳,2015-05-19,3782
牛乳,2015-05-20,3553
牛乳,2015-05-21,2995
牛乳,2015-05-22,2944
牛乳,2015-05-23,2425
牛乳,2015-05-24,3002
牛乳,2015-05-25,2937
牛乳,2015-05-26,3754
牛乳,2015-05-27,2996
牛乳,2015-05-28,2815
牛乳,2015-05-29,2590
牛乳,2015-05-30,2697
ソフトドリンク,2015-03-01,11652
ソフトドリンク,2015-03-02,9525
ソフトドリンク,2015-03-03,10380
ソフトドリンク,2015-03-04,10811
ソフトドリンク,2015-03-05,9733
ソフトドリンク,2015-03-06,12927
ソフトドリンク,2015-03-07,11757
ソフトドリンク,2015-03-08,13204
ソフトドリンク,2015-03-09,9610
ソフトドリンク,2015-03-10,9751
ソフトドリンク,2015-03-11,10818
ソフトドリンク,2015-03-12,10258
ソフトドリンク,2015-03-13,13432
ソフトドリンク,2015-03-14,12022
ソフトドリンク,2015-03-15,12107
ソフトドリンク,2015-03-16,10646
ソフトドリンク,2015-03-17,10568
ソフトドリンク,2015-03-18,10337
ソフトドリンク,2015-03-19,9467
ソフトドリンク,2015-03-20,12124
ソフトドリンク,2015-03-21,12855
ソフトドリンク,2015-03-22,12926
ソフトドリンク,2015-03-23,9345
ソフトドリンク,2015-03-24,10421
ソフトドリンク,2015-03-25,8959
ソフトドリンク,2015-03-26,10319
ソフトドリンク,2015-03-27,13747
ソフトドリンク,2015-03-28,13979
ソフトドリンク,2015-03-29,13287
ソフトドリンク,2015-03-30,9444
ソフトドリンク,2015-03-31,9342
ソフトドリンク,2015-04-01,10628
ソフトドリンク,2015-04-02,8959
ソフトドリンク,2015-04-03,13771
ソフトドリンク,2015-04-04,12932
ソフトドリンク,2015-04-05,12704
ソフトドリンク,2015-04-06,10754
ソフトドリンク,2015-04-07,9236
ソフトドリンク,2015-04-08,9660
ソフトドリンク,2015-04-09,9183
ソフトドリンク,2015-04-10,11968
ソフトドリンク,2015-04-11,13324
ソフトドリンク,2015-04-12,13030
ソフトドリンク,2015-04-13,9844
ソフトドリンク,2015-04-14,10516
ソフトドリンク,2015-04-15,10816
ソフトドリンク,2015-04-16,9931
ソフトドリンク,2015-04-17,13394
ソフトドリンク,2015-04-18,12049
ソフトドリンク,2015-04-19,12497
ソフトドリンク,2015-04-20,9009
ソフトドリンク,2015-04-21,9212
ソフトドリンク,2015-04-22,9107
ソフトドリンク,2015-04-23,9465
ソフトドリンク,2015-04-24,12580
ソフトドリンク,2015-04-25,13215
ソフトドリンク,2015-04-26,13403
ソフトドリンク,2015-04-27,9556
ソフトドリンク,2015-04-28,10821
ソフトドリンク,2015-04-29,10289
ソフトドリンク,2015-04-30,9229
ソフトドリンク,2015-05-01,12533
ソフトドリンク,2015-05-02,12361
ソフトドリンク,2015-05-03,12762
ソフトドリンク,2015-05-04,10540
ソフトドリンク,2015-05-05,9370
ソフトドリンク,2015-05-06,9707
ソフトドリンク,2015-05-07,10834
ソフトドリンク,2015-05-08,11903
ソフトドリンク,2015-05-09,13205
ソフトドリンク,2015-05-10,13395
ソフトドリンク,2015-05-11,10081
ソフトドリンク,2015-05-12,10883
ソフトドリンク,2015-05-13,9000
ソフトドリンク,2015-05-14,10870
ソフトドリンク,2015-05-15,13501
ソフトドリンク,2015-05-16,12707
ソフトドリンク,2015-05-17,11977
ソフトドリンク,2015-05-18,9799
ソフトドリンク,2015-05-19,9279
ソフトドリンク,2015-05-20,9755
ソフトドリンク,2015-05-21,10535
ソフトドリンク,2015-05-22,11713
ソフトドリンク,2015-05-23,12421
ソフトドリンク,2015-05-24,13751
ソフトドリンク,2015-05-25,8990
ソフトドリンク,2015-05-26,10478
ソフトドリンク,2015-05-27,10814
ソフトドリンク,2015-05-28,10219
ソフトドリンク,2015-05-29,11605
ソフトドリンク,2015-05-30,12782
濃厚牛乳,2015-03-01,787
濃厚牛乳,2015-03-02,525
濃厚牛乳,2015-03-03,620
濃厚牛乳,2015-03-04,609
濃厚牛乳,2015-03-05,553
濃厚牛乳,2015-03-06,791
濃厚牛乳,2015-03-07,780
濃厚牛乳,2015-03-08,705
濃厚牛乳,2015-03-09,600
濃厚牛乳,2015-03-10,630
濃厚牛乳,2015-03-11,621
濃厚牛乳,2015-03-12,613
濃厚牛乳,2015-03-13,782
濃厚牛乳,2015-03-14,768
濃厚牛乳,2015-03-15,739
濃厚牛乳,2015-03-16,537
濃厚牛乳,2015-03-17,617
濃厚牛乳,2015-03-18,605
濃厚牛乳,2015-03-19,613
濃厚牛乳,2015-03-20,681
濃厚牛乳,2015-03-21,705
濃厚牛乳,2015-03-22,769
濃厚牛乳,2015-03-23,531
濃厚牛乳,2015-03-24,604
濃厚牛乳,2015-03-25,587
濃厚牛乳,2015-03-26,555
濃厚牛乳,2015-03-27,738
濃厚牛乳,2015-03-28,780
濃厚牛乳,2015-03-29,703
濃厚牛乳,2015-03-30,535
濃厚牛乳,2015-03-31,584
濃厚牛乳,2015-04-01,534
濃厚牛乳,2015-04-02,533
濃厚牛乳,2015-04-03,775
濃厚牛乳,2015-04-04,764
濃厚牛乳,2015-04-05,725
濃厚牛乳,2015-04-06,553
濃厚牛乳,2015-04-07,595
濃厚牛乳,2015-04-08,618
濃厚牛乳,2015-04-09,528
濃厚牛乳,2015-04-10,828
濃厚牛乳,2015-04-11,682
濃厚牛乳,2015-04-12,706
濃厚牛乳,2015-04-13,560
濃厚牛乳,2015-04-14,621
濃厚牛乳,2015-04-15,543
濃厚牛乳,2015-04-16,614
濃厚牛乳,2015-04-17,808
濃厚牛乳,2015-04-18,750
濃厚牛乳,2015-04-19,776
濃厚牛乳,2015-04-20,560
濃厚牛乳,2015-04-21,576
濃厚牛乳,2015-04-22,631
濃厚牛乳,2015-04-23,550
濃厚牛乳,2015-04-24,682
濃厚牛乳,2015-04-25,824
濃厚牛乳,2015-04-26,718
濃厚牛乳,2015-04-27,598
濃厚牛乳,2015-04-28,531
濃厚牛乳,2015-04-29,634
濃厚牛乳,2015-04-30,629
濃厚牛乳,2015-05-01,810
濃厚牛乳,2015-05-02,743
濃厚牛乳,2015-05-03,796
濃厚牛乳,2015-05-04,557
濃厚牛乳,2015-05-05,556
濃厚牛乳,2015-05-06,638
濃厚牛乳,2015-05-07,636
濃厚牛乳,2015-05-08,751
濃厚牛乳,2015-05-09,794
濃厚牛乳,2015-05-10,728
濃厚牛乳,2015-05-11,549
濃厚牛乳,2015-05-12,594
濃厚牛乳,2015-05-13,561
濃厚牛乳,2015-05-14,529
濃厚牛乳,2015-05-15,827
濃厚牛乳,2015-05-16,782
濃厚牛乳,2015-05-17,809
濃厚牛乳,2015-05-18,576
濃厚牛乳,2015-05-19,537
濃厚牛乳,2015-05-20,601
濃厚牛乳,2015-05-21,524
濃厚牛乳,2015-05-22,703
濃厚牛乳,2015-05-23,814
濃厚牛乳,2015-05-24,702
濃厚牛乳,2015-05-25,552
濃厚牛乳,2015-05-26,550
濃厚牛乳,2015-05-27,558
濃厚牛乳,2015-05-28,548
濃厚牛乳,2015-05-29,683
濃厚牛乳,2015-05-30,815
カクテル,2015-03-01,18737
カクテル,2015-03-02,14369
カクテル,2015-03-03,13077
カクテル,2015-03-04,13035
カクテル,2015-03-05,12012
カクテル,2015-03-06,16679
カクテル,2015-03-07,18521
カクテル,2015-03-08,16717
カクテル,2015-03-09,13209
カクテル,2015-03-10,13273
カクテル,2015-03-11,12330
カクテル,2015-03-12,13302
カクテル,2015-03-13,15823
カクテル,2015-03-14,17552
カクテル,2015-03-15,17314
カクテル,2015-03-16,12481
カクテル,2015-03-17,14260
カクテル,2015-03-18,12404
カクテル,2015-03-19,12994
カクテル,2015-03-20,18479
カクテル,2015-03-21,16262
カクテル,2015-03-22,16445
カクテル,2015-03-23,14194
カクテル,2015-03-24,13514
カクテル,2015-03-25,14143
カクテル,2015-03-26,13140
カクテル,2015-03-27,18513
カクテル,2015-03-28,16024
カクテル,2015-03-29,17576
カクテル,2015-03-30,13788
カクテル,2015-03-31,12382
カクテル,2015-04-01,13381
カクテル,2015-04-02,13653
カクテル,2015-04-03,18599
カクテル,2015-04-04,16561
カクテル,2015-04-05,17320
カクテル,2015-04-06,11893
カクテル,2015-04-07,12857
カクテル,2015-04-08,13563
カクテル,2015-04-09,13489
カクテル,2015-04-10,18252
カクテル,2015-04-11,15849
カクテル,2015-04-12,17721
カクテル,2015-04-13,12412
カクテル,2015-04-14,13429
カクテル,2015-04-15,13715
カクテル,2015-04-16,13275
カクテル,2015-04-17,16712
カクテル,2015-04-18,17841
カクテル,2015-04-19,17070
カクテル,2015-04-20,12489
カクテル,2015-04-21,13079
カクテル,2015-04-22,12089
カクテル,2015-04-23,12560
カクテル,2015-04-24,17346
カクテル,2015-04-25,15519
カクテル,2015-04-26,16169
カクテル,2015-04-27,13560
カクテル,2015-04-28,13773
カクテル,2015-04-29,13931
カクテル,2015-04-30,12073
カクテル,2015-05-01,15783
カクテル,2015-05-02,18692
カクテル,2015-05-03,18639
カクテル,2015-05-04,14313
カクテル,2015-05-05,13596
カクテル,2015-05-06,12293
カクテル,2015-05-07,14283
カクテル,2015-05-08,18609
カクテル,2015-05-09,16025
カクテル,2015-05-10,15696
カクテル,2015-05-11,13375
カクテル,2015-05-12,12845
カクテル,2015-05-13,13095
カクテル,2015-05-14,13107
カクテル,2015-05-15,18117
カクテル,2015-05-16,18271
カクテル,2015-05-17,16413
カクテル,2015-05-18,13807
カクテル,2015-05-19,13189
カクテル,2015-05-20,12055
カクテル,2015-05-21,11979
カクテル,2015-05-22,16259
カクテル,2015-05-23,16194
カクテル,2015-05-24,16894
カクテル,2015-05-25,13331
カクテル,2015-05-26,13764
カクテル,2015-05-27,12514
カクテル,2015-05-28,14245
カクテル,2015-05-29,17100
カクテル,2015-05-30,16346
ビール,2015-03-01,28948
ビール,2015-03-02,23859
ビール,2015-03-03,24154
ビール,2015-03-04,23430
ビール,2015-03-05,24850
ビール,2015-03-06,29485
ビール,2015-03-07,28261
ビール,2015-03-08,29855
ビール,2015-03-09,22543
ビール,2015-03-10,21934
ビール,2015-03-11,25064
ビール,2015-03-12,22944
ビール,2015-03-13,27111
ビール,2015-03-14,32692
ビール,2015-03-15,29277
ビール,2015-03-16,20827
ビール,2015-03-17,25320
ビール,2015-03-18,22534
ビール,2015-03-19,25345
ビール,2015-03-20,27866
ビール,2015-03-21,30404
ビール,2015-03-22,31798
ビール,2015-03-23,21686
ビール,2015-03-24,24073
ビール,2015-03-25,23404
ビール,2015-03-26,20837
ビール,2015-03-27,28570
ビール,2015-03-28,29856
ビール,2015-03-29,32594
ビール,2015-03-30,25388
ビール,2015-03-31,21760
ビール,2015-04-01,23309
ビール,2015-04-02,23772
ビール,2015-04-03,32439
ビール,2015-04-04,31425
ビール,2015-04-05,30689
ビール,2015-04-06,21827
ビール,2015-04-07,25023
ビール,2015-04-08,24499
ビール,2015-04-09,22233
ビール,2015-04-10,28392
ビール,2015-04-11,30977
ビール,2015-04-12,31446
ビール,2015-04-13,22939
ビール,2015-04-14,24780
ビール,2015-04-15,23909
ビール,2015-04-16,21536
ビール,2015-04-17,27100
ビール,2015-04-18,32229
ビール,2015-04-19,27632
ビール,2015-04-20,22233
ビール,2015-04-21,22797
ビール,2015-04-22,23635
ビール,2015-04-23,22357
ビール,2015-04-24,30510
ビール,2015-04-25,32010
ビール,2015-04-26,29037
ビール,2015-04-27,22555
ビール,2015-04-28,23588
ビール,2015-04-29,23080
ビール,2015-04-30,21295
ビール,2015-05-01,32108
ビール,2015-05-02,29705
ビール,2015-05-03,31534
ビール,2015-05-04,24465
ビール,2015-05-05,22595
ビール,2015-05-06,20859
ビール,2015-05-07,24225
ビール,2015-05-08,27438
ビール,2015-05-09,30222
ビール,2015-05-10,27764
ビール,2015-05-11,23912
ビール,2015-05-12,21049
ビール,2015-05-13,24477
ビール,2015-05-14,23851
ビール,2015-05-15,28494
ビール,2015-05-16,27990
ビール,2015-05-17,27375
ビール,2015-05-18,20860
ビール,2015-05-19,24640
ビール,2015-05-20,22000
ビール,2015-05-21,21046
ビール,2015-05-22,29117
ビール,2015-05-23,30512
ビール,2015-05-24,31857
ビール,2015-05-25,22362
ビール,2015-05-26,21413
ビール,2015-05-27,24364
ビール,2015-05-28,24843
ビール,2015-05-29,32961
ビール,2015-05-30,30960
リキュール,2015-03-01,22063
リキュール,2015-03-02,18355
リキュール,2015-03-03,17674
リキュール,2015-03-04,16768
リキュール,2015-03-05,18229
リキュール,2015-03-06,25408
リキュール,2015-03-07,21809
リキュール,2015-03-08,22902
リキュール,2015-03-09,17277
リキュール,2015-03-10,16186
リキュール,2015-03-11,16419
リキュール,2015-03-12,17562
リキュール,2015-03-13,21104
リキュール,2015-03-14,21008
リキュール,2015-03-15,21690
リキュール,2015-03-16,17415
リキュール,2015-03-17,18165
リキュール,2015-03-18,17266
リキュール,2015-03-19,17831
リキュール,2015-03-20,24376
リキュール,2015-03-21,21669
リキュール,2015-03-22,24800
リキュール,2015-03-23,17208
リキュール,2015-03-24,16900
リキュール,2015-03-25,17172
リキュール,2015-03-26,18885
リキュール,2015-03-27,22066
リキュール,2015-03-28,25167
リキュール,2015-03-29,21573
リキュール,2015-03-30,16838
リキュール,2015-03-31,18300
リキュール,2015-04-01,16983
リキュール,2015-04-02,18590
リキュール,2015-04-03,24330
リキュール,2015-04-04,22102
リキュール,2015-04-05,23542
リキュール,2015-04-06,19334
リキュール,2015-04-07,18594
リキュール,2015-04-08,19079
リキュール,2015-04-09,19349
リキュール,2015-04-10,22252
リキュール,2015-04-11,23904
リキュール,2015-04-12,21542
リキュール,2015-04-13,19112
リキュール,2015-04-14,18443
リキュール,2015-04-15,18683
リキュール,2015-04-16,17189
リキュール,2015-04-17,23983
リキュール,2015-04-18,23037
リキュール,2015-04-19,23902
リキュール,2015-04-20,18870
リキュール,2015-04-21,19284
リキュール,2015-04-22,17948
リキュール,2015-04-23,16629
リキュール,2015-04-24,22136
リキュール,2015-04-25,21509
リキュール,2015-04-26,21987
リキュール,2015-04-27,18646
リキュール,2015-04-28,18304
リキュール,2015-04-29,17680
リキュール,2015-04-30,18329
リキュール,2015-05-01,23342
リキュール,2015-05-02,22417
リキュール,2015-05-03,24461
リキュール,2015-05-04,18332
リキュール,2015-05-05,18829
リキュール,2015-05-06,16703
リキュール,2015-05-07,17480
リキュール,2015-05-08,25352
リキュール,2015-05-09,22636
リキュール,2015-05-10,21244
リキュール,2015-05-11,17955
リキュール,2015-05-12,19456
リキュール,2015-05-13,19121
リキュール,2015-05-14,18026
リキュール,2015-05-15,23971
リキュール,2015-05-16,23207
リキュール,2015-05-17,25173
リキュール,2015-05-18,16393
リキュール,2015-05-19,17839
リキュール,2015-05-20,18858
リキュール,2015-05-21,19170
リキュール,2015-05-22,25069
リキュール,2015-05-23,24650
リキュール,2015-05-24,21598
リキュール,2015-05-25,18670
リキュール,2015-05-26,18776
リキュール,2015-05-27,18424
リキュール,2015-05-28,19307
リキュール,2015-05-29,22693
リキュール,2015-05-30,25326
ワイン,2015-03-01,4962
ワイン,2015-03-02,3615
ワイン,2015-03-03,3920
ワイン,2015-03-04,3585
ワイン,2015-03-05,3865
ワイン,2015-03-06,4918
ワイン,2015-03-07,5333
ワイン,2015-03-08,5068
ワイン,2015-03-09,3816
ワイン,2015-03-10,3613
ワイン,2015-03-11,3828
ワイン,2015-03-12,3644
ワイン,2015-03-13,4819
ワイン,2015-03-14,5372
ワイン,2015-03-15,4950
ワイン,2015-03-16,3799
ワイン,2015-03-17,3829
ワイン,2015-03-18,4107
ワイン,2015-03-19,3473
ワイン,2015-03-20,4814
ワイン,2015-03-21,4591
ワイン,2015-03-22,5328
ワイン,2015-03-23,3828
ワイン,2015-03-24,3875
ワイン,2015-03-25,3769
ワイン,2015-03-26,3815
ワイン,2015-03-27,4620
ワイン,2015-03-28,4536
ワイン,2015-03-29,4528
ワイン,2015-03-30,3525
ワイン,2015-03-31,3743
ワイン,2015-04-01,4051
ワイン,2015-04-02,4037
ワイン,2015-04-03,4602
ワイン,2015-04-04,5467
ワイン,2015-04-05,4648
ワイン,2015-04-06,3838
ワイン,2015-04-07,3900
ワイン,2015-04-08,4183
ワイン,2015-04-09,4096
ワイン,2015-04-10,5038
ワイン,2015-04-11,4889
ワイン,2015-04-12,5051
ワイン,2015-04-13,4078
ワイン,2015-04-14,3948
ワイン,2015-04-15,3545
ワイン,2015-04-16,3613
ワイン,2015-04-17,5347
ワイン,2015-04-18,4984
ワイン,2015-04-19,5283
ワイン,2015-04-20,4095
ワイン,2015-04-21,3694
ワイン,2015-04-22,3640
ワイン,2015-04-23,3943
ワイン,2015-04-24,4879
ワイン,2015-04-25,5391
ワイン,2015-04-26,4630
ワイン,2015-04-27,3587
ワイン,2015-04-28,3957
ワイン,2015-04-29,3608
ワイン,2015-04-30,3977
ワイン,2015-05-01,5017
ワイン,2015-05-02,5247
ワイン,2015-05-03,4841
ワイン,2015-05-04,3551
ワイン,2015-05-05,3775
ワイン,2015-05-06,3883
ワイン,2015-05-07,4035
ワイン,2015-05-08,4677
ワイン,2015-05-09,5092
ワイン,2015-05-10,5005
ワイン,2015-05-11,4186
ワイン,2015-05-12,4166
ワイン,2015-05-13,3583
ワイン,2015-05-14,3702
ワイン,2015-05-15,5203
ワイン,2015-05-16,5268
ワイン,2015-05-17,5015
ワイン,2015-05-18,3640
ワイン,2015-05-19,3593
ワイン,2015-05-20,3708
ワイン,2015-05-21,3500
ワイン,2015-05-22,5175
ワイン,2015-05-23,5252
ワイン,2015-05-24,4753
ワイン,2015-05-25,3825
ワイン,2015-05-26,3499
ワイン,2015-05-27,3541
ワイン,2015-05-28,4156
ワイン,2015-05-29,5120
ワイン,2015-05-30,5146
日本酒,2015-03-01,21283
日本酒,2015-03-02,15773
日本酒,2015-03-03,17968
日本酒,2015-03-04,14926
日本酒,2015-03-05,15435
日本酒,2015-03-06,23472
日本酒,2015-03-07,22736
日本酒,2015-03-08,23594
日本酒,2015-03-09,15710
日本酒,2015-03-10,16771
日本酒,2015-03-11,15089
日本酒,2015-03-12,17498
日本酒,2015-03-13,23083
日本酒,2015-03-14,23122
日本酒,2015-03-15,19354
日本酒,2015-03-16,15647
日本酒,2015-03-17,16854
日本酒,2015-03-18,16047
日本酒,2015-03-19,17190
日本酒,2015-03-20,19485
日本酒,2015-03-21,22124
日本酒,2015-03-22,20295
日本酒,2015-03-23,15751
日本酒,2015-03-24,17269
日本酒,2015-03-25,15438
日本酒,2015-03-26,16123
日本酒,2015-03-27,22241
日本酒,2015-03-28,21086
日本酒,2015-03-29,21631
日本酒,2015-03-30,16352
日本酒,2015-03-31,15269
日本酒,2015-04-01,14953
日本酒,2015-04-02,15397
日本酒,2015-04-03,22732
日本酒,2015-04-04,19916
日本酒,2015-04-05,19624
日本酒,2015-04-06,14944
日本酒,2015-04-07,16227
日本酒,2015-04-08,17668
日本酒,2015-04-09,15941
日本酒,2015-04-10,21212
日本酒,2015-04-11,21079
日本酒,2015-04-12,20814
日本酒,2015-04-13,17912
日本酒,2015-04-14,17919
日本酒,2015-04-15,15775
日本酒,2015-04-16,17257
日本酒,2015-04-17,20235
日本酒,2015-04-18,23339
日本酒,2015-04-19,19581
日本酒,2015-04-20,18113
日本酒,2015-04-21,15544
日本酒,2015-04-22,15901
日本酒,2015-04-23,15252
日本酒,2015-04-24,21811
日本酒,2015-04-25,22129
日本酒,2015-04-26,23579
日本酒,2015-04-27,15490
日本酒,2015-04-28,17544
日本酒,2015-04-29,16894
日本酒,2015-04-30,18103
日本酒,2015-05-01,21200
日本酒,2015-05-02,22412
日本酒,2015-05-03,19630
日本酒,2015-05-04,16930
日本酒,2015-05-05,15558
日本酒,2015-05-06,17883
日本酒,2015-05-07,17529
日本酒,2015-05-08,22978
日本酒,2015-05-09,22809
日本酒,2015-05-10,21094
日本酒,2015-05-11,18076
日本酒,2015-05-12,16498
日本酒,2015-05-13,16495
日本酒,2015-05-14,15983
日本酒,2015-05-15,19594
日本酒,2015-05-16,23198
日本酒,2015-05-17,20254
日本酒,2015-05-18,15832
日本酒,2015-05-19,17023
日本酒,2015-05-20,16720
日本酒,2015-05-21,18055
日本酒,2015-05-22,19755
日本酒,2015-05-23,21638
日本酒,2015-05-24,23232
日本酒,2015-05-25,17731
日本酒,2015-05-26,17835
日本酒,2015-05-27,17420
日本酒,2015-05-28,15402
日本酒,2015-05-29,19826
日本酒,2015-05-30,19812
おにぎり,2015-03-01,23698
おにぎり,2015-03-02,19505
おにぎり,2015-03-03,19974
おにぎり,2015-03-04,18208
おにぎり,2015-03-05,19624
おにぎり,2015-03-06,23872
おにぎり,2015-03-07,24882
おにぎり,2015-03-08,25267
おにぎり,2015-03-09,19158
おにぎり,2015-03-10,19765
おにぎり,2015-03-11,17784
おにぎり,2015-03-12,17308
おにぎり,2015-03-13,22071
おにぎり,2015-03-14,21693
おにぎり,2015-03-15,25958
おにぎり,2015-03-16,19574
おにぎり,2015-03-17,16919
おにぎり,2015-03-18,17008
おにぎり,2015-03-19,17275
おにぎり,2015-03-20,24162
おにぎり,2015-03-21,25155
おにぎり,2015-03-22,22190
おにぎり,2015-03-23,17014
おにぎり,2015-03-24,18673
おにぎり,2015-03-25,17706
おにぎり,2015-03-26,18260
おにぎり,2015-03-27,22191
おにぎり,2015-03-28,26050
おにぎり,2015-03-29,25142
おにぎり,2015-03-30,18338
おにぎり,2015-03-31,19117
おにぎり,2015-04-01,17698
おにぎり,2015-04-02,10580
おにぎり,2015-04-03,10411
おにぎり,2015-04-04,22345
おにぎり,2015-04-05,14372
おにぎり,2015-04-06,17333
おにぎり,2015-04-07,13363
おにぎり,2015-04-08,12333
おにぎり,2015-04-09,13109
おにぎり,2015-04-10,11417
おにぎり,2015-04-11,11582
おにぎり,2015-04-12,15342
おにぎり,2015-04-13,13301
おにぎり,2015-04-14,20489
おにぎり,2015-04-15,14498
おにぎり,2015-04-16,14525
おにぎり,2015-04-17,11942
おにぎり,2015-04-18,11868
おにぎり,2015-04-19,12504
おにぎり,2015-04-20,13353
おにぎり,2015-04-21,18885
おにぎり,2015-04-22,23021
おにぎり,2015-04-23,16225
おにぎり,2015-04-24,12456
おにぎり,2015-04-25,3941
おにぎり,2015-04-26,8814
おにぎり,2015-04-27,11131
おにぎり,2015-04-28,18645
おにぎり,2015-04-29,20129
おにぎり,2015-04-30,14295
おにぎり,2015-05-01,14816
おにぎり,2015-05-02,10667
おにぎり,2015-05-03,11800
おにぎり,2015-05-04,14107
おにぎり,2015-05-05,17507
おにぎり,2015-05-06,15822
おにぎり,2015-05-07,17861
おにぎり,2015-05-08,12447
おにぎり,2015-05-09,13677
おにぎり,2015-05-10,9264
おにぎり,2015-05-11,12062
おにぎり,2015-05-12,17131
おにぎり,2015-05-13,17310
おにぎり,2015-05-14,19021
おにぎり,2015-05-15,9263
おにぎり,2015-05-16,13216
おにぎり,2015-05-17,12147
おにぎり,2015-05-18,11672
おにぎり,2015-05-19,17915
おにぎり,2015-05-20,16729
おにぎり,2015-05-21,9284
おにぎり,2015-05-22,13632
おにぎり,2015-05-23,13495
おにぎり,2015-05-24,9705
おにぎり,2015-05-25,15569
おにぎり,2015-05-26,16114
おにぎり,2015-05-27,13336
おにぎり,2015-05-28,14966
おにぎり,2015-05-29,10663
おにぎり,2015-05-30,13974
オムライス,2015-03-01,3278
オムライス,2015-03-02,2693
オムライス,2015-03-03,2776
オムライス,2015-03-04,2385
オムライス,2015-03-05,2511
オムライス,2015-03-06,3548
オムライス,2015-03-07,3163
オムライス,2015-03-08,3435
オムライス,2015-03-09,2517
オムライス,2015-03-10,2634
オムライス,2015-03-11,2613
オムライス,2015-03-12,2680
オムライス,2015-03-13,3565
オムライス,2015-03-14,3323
オムライス,2015-03-15,3267
オムライス,2015-03-16,2746
オムライス,2015-03-17,2587
オムライス,2015-03-18,2705
オムライス,2015-03-19,2760
オムライス,2015-03-20,3314
オムライス,2015-03-21,3291
オムライス,2015-03-22,3589
オムライス,2015-03-23,2697
オムライス,2015-03-24,2639
オムライス,2015-03-25,2683
オムライス,2015-03-26,2708
オムライス,2015-03-27,3194
オムライス,2015-03-28,3204
オムライス,2015-03-29,3152
オムライス,2015-03-30,2809
オムライス,2015-03-31,2462
オムライス,2015-04-01,2579
オムライス,2015-04-02,2341
オムライス,2015-04-03,3556
オムライス,2015-04-04,3290
オムライス,2015-04-05,3327
オムライス,2015-04-06,2802
オムライス,2015-04-07,2523
オムライス,2015-04-08,2707
オムライス,2015-04-09,2726
オムライス,2015-04-10,3158
オムライス,2015-04-11,3057
オムライス,2015-04-12,3241
オムライス,2015-04-13,2675
オムライス,2015-04-14,2718
オムライス,2015-04-15,2659
オムライス,2015-04-16,2804
オムライス,2015-04-17,3021
オムライス,2015-04-18,3272
オムライス,2015-04-19,3450
オムライス,2015-04-20,2373
オムライス,2015-04-21,2330
オムライス,2015-04-22,2399
オムライス,2015-04-23,2707
オムライス,2015-04-24,3591
オムライス,2015-04-25,3237
オムライス,2015-04-26,3197
オムライス,2015-04-27,2448
オムライス,2015-04-28,2815
オムライス,2015-04-29,2579
オムライス,2015-04-30,2680
オムライス,2015-05-01,3632
オムライス,2015-05-02,3427
オムライス,2015-05-03,3195
オムライス,2015-05-04,2796
オムライス,2015-05-05,2689
オムライス,2015-05-06,2345
オムライス,2015-05-07,2649
オムライス,2015-05-08,3591
オムライス,2015-05-09,3098
オムライス,2015-05-10,3657
オムライス,2015-05-11,2343
オムライス,2015-05-12,2410
オムライス,2015-05-13,2334
オムライス,2015-05-14,2523
オムライス,2015-05-15,3494
オムライス,2015-05-16,3458
オムライス,2015-05-17,3345
オムライス,2015-05-18,2364
オムライス,2015-05-19,2821
オムライス,2015-05-20,2611
オムライス,2015-05-21,2692
オムライス,2015-05-22,3209
オムライス,2015-05-23,3557
オムライス,2015-05-24,3441
オムライス,2015-05-25,2791
オムライス,2015-05-26,2526
オムライス,2015-05-27,2481
オムライス,2015-05-28,2700
オムライス,2015-05-29,3485
オムライス,2015-05-30,3311
お茶漬け,2015-03-01,12751
お茶漬け,2015-03-02,8881
お茶漬け,2015-03-03,10006
お茶漬け,2015-03-04,9480
お茶漬け,2015-03-05,9752
お茶漬け,2015-03-06,12534
お茶漬け,2015-03-07,12404
お茶漬け,2015-03-08,12500
お茶漬け,2015-03-09,8672
お茶漬け,2015-03-10,9421
お茶漬け,2015-03-11,9734
お茶漬け,2015-03-12,8753
お茶漬け,2015-03-13,12472
お茶漬け,2015-03-14,11032
お茶漬け,2015-03-15,12581
お茶漬け,2015-03-16,10062
お茶漬け,2015-03-17,9543
お茶漬け,2015-03-18,9549
お茶漬け,2015-03-19,9092
お茶漬け,2015-03-20,11142
お茶漬け,2015-03-21,11938
お茶漬け,2015-03-22,11036
お茶漬け,2015-03-23,9710
お茶漬け,2015-03-24,8993
お茶漬け,2015-03-25,9366
お茶漬け,2015-03-26,9024
お茶漬け,2015-03-27,11299
お茶漬け,2015-03-28,12097
お茶漬け,2015-03-29,11738
お茶漬け,2015-03-30,9910
お茶漬け,2015-03-31,8489
お茶漬け,2015-04-01,8433
お茶漬け,2015-04-02,8624
お茶漬け,2015-04-03,13059
お茶漬け,2015-04-04,11874
お茶漬け,2015-04-05,12431
お茶漬け,2015-04-06,8383
お茶漬け,2015-04-07,9182
お茶漬け,2015-04-08,8400
お茶漬け,2015-04-09,9462
お茶漬け,2015-04-10,12889
お茶漬け,2015-04-11,11281
お茶漬け,2015-04-12,11489
お茶漬け,2015-04-13,9915
お茶漬け,2015-04-14,8375
お茶漬け,2015-04-15,9762
お茶漬け,2015-04-16,9157
お茶漬け,2015-04-17,11003
お茶漬け,2015-04-18,12989
お茶漬け,2015-04-19,11265
お茶漬け,2015-04-20,9695
お茶漬け,2015-04-21,9114
お茶漬け,2015-04-22,9555
お茶漬け,2015-04-23,8662
お茶漬け,2015-04-24,12929
お茶漬け,2015-04-25,10928
お茶漬け,2015-04-26,11340
お茶漬け,2015-04-27,8800
お茶漬け,2015-04-28,9734
お茶漬け,2015-04-29,9029
お茶漬け,2015-04-30,8831
お茶漬け,2015-05-01,10997
お茶漬け,2015-05-02,12013
お茶漬け,2015-05-03,11895
お茶漬け,2015-05-04,10139
お茶漬け,2015-05-05,8579
お茶漬け,2015-05-06,9857
お茶漬け,2015-05-07,8371
お茶漬け,2015-05-08,12682
お茶漬け,2015-05-09,11360
お茶漬け,2015-05-10,11132
お茶漬け,2015-05-11,8668
お茶漬け,2015-05-12,8715
お茶漬け,2015-05-13,10042
お茶漬け,2015-05-14,10143
お茶漬け,2015-05-15,11556
お茶漬け,2015-05-16,11140
お茶漬け,2015-05-17,12399
お茶漬け,2015-05-18,9397
お茶漬け,2015-05-19,8952
お茶漬け,2015-05-20,9820
お茶漬け,2015-05-21,8839
お茶漬け,2015-05-22,12843
お茶漬け,2015-05-23,11140
お茶漬け,2015-05-24,12882
お茶漬け,2015-05-25,8440
お茶漬け,2015-05-26,9120
お茶漬け,2015-05-27,9573
お茶漬け,2015-05-28,8696
お茶漬け,2015-05-29,13075
お茶漬け,2015-05-30,11722
カレー,2015-03-01,15594
カレー,2015-03-02,10959
カレー,2015-03-03,12073
カレー,2015-03-04,12249
カレー,2015-03-05,11690
カレー,2015-03-06,16332
カレー,2015-03-07,16219
カレー,2015-03-08,16680
カレー,2015-03-09,12090
カレー,2015-03-10,12034
カレー,2015-03-11,10636
カレー,2015-03-12,10977
カレー,2015-03-13,13788
カレー,2015-03-14,16266
カレー,2015-03-15,14980
カレー,2015-03-16,12442
カレー,2015-03-17,10885
カレー,2015-03-18,11480
カレー,2015-03-19,12221
カレー,2015-03-20,13870
カレー,2015-03-21,14694
カレー,2015-03-22,16052
カレー,2015-03-23,12497
カレー,2015-03-24,12567
カレー,2015-03-25,12760
カレー,2015-03-26,11428
カレー,2015-03-27,16581
カレー,2015-03-28,15831
カレー,2015-03-29,14973
カレー,2015-03-30,11446
カレー,2015-03-31,11023
カレー,2015-04-01,12291
カレー,2015-04-02,11571
カレー,2015-04-03,15068
カレー,2015-04-04,13942
カレー,2015-04-05,14800
カレー,2015-04-06,12624
カレー,2015-04-07,11804
カレー,2015-04-08,10602
カレー,2015-04-09,11439
カレー,2015-04-10,14034
カレー,2015-04-11,14532
カレー,2015-04-12,15878
カレー,2015-04-13,11410
カレー,2015-04-14,12015
カレー,2015-04-15,11692
カレー,2015-04-16,12420
カレー,2015-04-17,15460
カレー,2015-04-18,14212
カレー,2015-04-19,16540
カレー,2015-04-20,10656
カレー,2015-04-21,10734
カレー,2015-04-22,12499
カレー,2015-04-23,11515
カレー,2015-04-24,15872
カレー,2015-04-25,15928
カレー,2015-04-26,16693
カレー,2015-04-27,12779
カレー,2015-04-28,10862
カレー,2015-04-29,12086
カレー,2015-04-30,10608
カレー,2015-05-01,15193
カレー,2015-05-02,16096
カレー,2015-05-03,14843
カレー,2015-05-04,12749
カレー,2015-05-05,12076
カレー,2015-05-06,11543
カレー,2015-05-07,12493
カレー,2015-05-08,16137
カレー,2015-05-09,14988
カレー,2015-05-10,14691
カレー,2015-05-11,11852
カレー,2015-05-12,12545
カレー,2015-05-13,11901
カレー,2015-05-14,12040
カレー,2015-05-15,16022
カレー,2015-05-16,15797
カレー,2015-05-17,16326
カレー,2015-05-18,10752
カレー,2015-05-19,11957
カレー,2015-05-20,11094
カレー,2015-05-21,11629
カレー,2015-05-22,14553
カレー,2015-05-23,16483
カレー,2015-05-24,14905
カレー,2015-05-25,11853
カレー,2015-05-26,10719
カレー,2015-05-27,12736
カレー,2015-05-28,12252
カレー,2015-05-29,15135
カレー,2015-05-30,14242
ご飯,2015-03-01,7479
ご飯,2015-03-02,5626
ご飯,2015-03-03,5017
ご飯,2015-03-04,5009
ご飯,2015-03-05,5451
ご飯,2015-03-06,6694
ご飯,2015-03-07,7138
ご飯,2015-03-08,7839
ご飯,2015-03-09,5197
ご飯,2015-03-10,5734
ご飯,2015-03-11,5115
ご飯,2015-03-12,5528
ご飯,2015-03-13,7620
ご飯,2015-03-14,6616
ご飯,2015-03-15,7607
ご飯,2015-03-16,5221
ご飯,2015-03-17,5057
ご飯,2015-03-18,5130
ご飯,2015-03-19,5681
ご飯,2015-03-20,7404
ご飯,2015-03-21,6625
ご飯,2015-03-22,7836
ご飯,2015-03-23,5111
ご飯,2015-03-24,5986
ご飯,2015-03-25,5720
ご飯,2015-03-26,5575
ご飯,2015-03-27,6787
ご飯,2015-03-28,6922
ご飯,2015-03-29,7636
ご飯,2015-03-30,5964
ご飯,2015-03-31,5517
ご飯,2015-04-01,5927
ご飯,2015-04-02,5724
ご飯,2015-04-03,7041
ご飯,2015-04-04,6864
ご飯,2015-04-05,7813
ご飯,2015-04-06,5087
ご飯,2015-04-07,5698
ご飯,2015-04-08,5852
ご飯,2015-04-09,5188
ご飯,2015-04-10,7285
ご飯,2015-04-11,6666
ご飯,2015-04-12,7015
ご飯,2015-04-13,5213
ご飯,2015-04-14,5530
ご飯,2015-04-15,5688
ご飯,2015-04-16,5948
ご飯,2015-04-17,6911
ご飯,2015-04-18,6782
ご飯,2015-04-19,6878
ご飯,2015-04-20,5199
ご飯,2015-04-21,5085
ご飯,2015-04-22,5245
ご飯,2015-04-23,5966
ご飯,2015-04-24,6516
ご飯,2015-04-25,7152
ご飯,2015-04-26,7570
ご飯,2015-04-27,5872
ご飯,2015-04-28,5584
ご飯,2015-04-29,5216
ご飯,2015-04-30,5590
ご飯,2015-05-01,6632
ご飯,2015-05-02,7125
ご飯,2015-05-03,6569
ご飯,2015-05-04,5285
ご飯,2015-05-05,5694
ご飯,2015-05-06,5176
ご飯,2015-05-07,5384
ご飯,2015-05-08,7583
ご飯,2015-05-09,6761
ご飯,2015-05-10,6545
ご飯,2015-05-11,5806
ご飯,2015-05-12,5687
ご飯,2015-05-13,5512
ご飯,2015-05-14,5185
ご飯,2015-05-15,6703
ご飯,2015-05-16,7309
ご飯,2015-05-17,6490
ご飯,2015-05-18,5202
ご飯,2015-05-19,5856
ご飯,2015-05-20,5280
ご飯,2015-05-21,4968
ご飯,2015-05-22,7810
ご飯,2015-05-23,6560
ご飯,2015-05-24,7505
ご飯,2015-05-25,5870
ご飯,2015-05-26,4968
ご飯,2015-05-27,5888
ご飯,2015-05-28,5555
ご飯,2015-05-29,6921
ご飯,2015-05-30,6901
サンドイッチ,2015-03-01,6093
サンドイッチ,2015-03-02,4221
サンドイッチ,2015-03-03,4388
サンドイッチ,2015-03-04,4636
サンドイッチ,2015-03-05,4796
サンドイッチ,2015-03-06,5989
サンドイッチ,2015-03-07,6151
サンドイッチ,2015-03-08,5775
サンドイッチ,2015-03-09,4931
サンドイッチ,2015-03-10,4994
サンドイッチ,2015-03-11,4803
サンドイッチ,2015-03-12,4115
サンドイッチ,2015-03-13,5955
サンドイッチ,2015-03-14,6283
サンドイッチ,2015-03-15,5581
サンドイッチ,2015-03-16,4456
サンドイッチ,2015-03-17,4599
サンドイッチ,2015-03-18,4783
サンドイッチ,2015-03-19,4408
サンドイッチ,2015-03-20,5720
サンドイッチ,2015-03-21,5838
サンドイッチ,2015-03-22,5663
サンドイッチ,2015-03-23,4675
サンドイッチ,2015-03-24,4144
サンドイッチ,2015-03-25,4657
サンドイッチ,2015-03-26,4484
サンドイッチ,2015-03-27,5387
サンドイッチ,2015-03-28,6513
サンドイッチ,2015-03-29,6078
サンドイッチ,2015-03-30,4869
サンドイッチ,2015-03-31,4466
サンドイッチ,2015-04-01,4973
サンドイッチ,2015-04-02,4449
サンドイッチ,2015-04-03,6307
サンドイッチ,2015-04-04,5344
サンドイッチ,2015-04-05,6371
サンドイッチ,2015-04-06,4171
サンドイッチ,2015-04-07,4849
サンドイッチ,2015-04-08,4638
サンドイッチ,2015-04-09,4727
サンドイッチ,2015-04-10,6182
サンドイッチ,2015-04-11,5667
サンドイッチ,2015-04-12,6134
サンドイッチ,2015-04-13,4375
サンドイッチ,2015-04-14,4625
サンドイッチ,2015-04-15,4154
サンドイッチ,2015-04-16,4421
サンドイッチ,2015-04-17,5925
サンドイッチ,2015-04-18,5966
サンドイッチ,2015-04-19,6302
サンドイッチ,2015-04-20,4569
サンドイッチ,2015-04-21,4878
サンドイッチ,2015-04-22,4646
サンドイッチ,2015-04-23,4595
サンドイッチ,2015-04-24,6079
サンドイッチ,2015-04-25,5681
サンドイッチ,2015-04-26,6008
サンドイッチ,2015-04-27,5016
サンドイッチ,2015-04-28,4943
サンドイッチ,2015-04-29,4806
サンドイッチ,2015-04-30,4873
サンドイッチ,2015-05-01,6429
サンドイッチ,2015-05-02,6047
サンドイッチ,2015-05-03,5771
サンドイッチ,2015-05-04,4785
サンドイッチ,2015-05-05,4546
サンドイッチ,2015-05-06,4108
サンドイッチ,2015-05-07,4718
サンドイッチ,2015-05-08,5814
サンドイッチ,2015-05-09,6465
サンドイッチ,2015-05-10,5495
サンドイッチ,2015-05-11,4448
サンドイッチ,2015-05-12,4925
サンドイッチ,2015-05-13,4837
サンドイッチ,2015-05-14,4566
サンドイッチ,2015-05-15,5357
サンドイッチ,2015-05-16,5632
サンドイッチ,2015-05-17,5698
サンドイッチ,2015-05-18,4707
サンドイッチ,2015-05-19,4194
サンドイッチ,2015-05-20,4984
サンドイッチ,2015-05-21,4895
サンドイッチ,2015-05-22,5673
サンドイッチ,2015-05-23,5851
サンドイッチ,2015-05-24,5739
サンドイッチ,2015-05-25,4421
サンドイッチ,2015-05-26,4381
サンドイッチ,2015-05-27,4938
サンドイッチ,2015-05-28,4363
サンドイッチ,2015-05-29,6364
サンドイッチ,2015-05-30,6303
チャーハン,2015-03-01,10231
チャーハン,2015-03-02,7942
チャーハン,2015-03-03,8678
チャーハン,2015-03-04,8346
チャーハン,2015-03-05,7744
チャーハン,2015-03-06,10146
チャーハン,2015-03-07,10521
チャーハン,2015-03-08,11154
チャーハン,2015-03-09,9151
チャーハン,2015-03-10,8270
チャーハン,2015-03-11,9117
チャーハン,2015-03-12,7727
チャーハン,2015-03-13,11720
チャーハン,2015-03-14,10397
チャーハン,2015-03-15,10448
チャーハン,2015-03-16,7839
チャーハン,2015-03-17,7610
チャーハン,2015-03-18,7725
チャーハン,2015-03-19,7761
チャーハン,2015-03-20,10252
チャーハン,2015-03-21,11640
チャーハン,2015-03-22,9861
チャーハン,2015-03-23,8208
チャーハン,2015-03-24,9096
チャーハン,2015-03-25,7586
チャーハン,2015-03-26,8080
チャーハン,2015-03-27,10764
チャーハン,2015-03-28,11056
チャーハン,2015-03-29,11839
チャーハン,2015-03-30,8428
チャーハン,2015-03-31,8803
チャーハン,2015-04-01,8598
チャーハン,2015-04-02,7906
チャーハン,2015-04-03,10939
チャーハン,2015-04-04,9961
チャーハン,2015-04-05,11520
チャーハン,2015-04-06,7903
チャーハン,2015-04-07,9000
チャーハン,2015-04-08,8423
チャーハン,2015-04-09,7983
チャーハン,2015-04-10,11603
チャーハン,2015-04-11,9974
チャーハン,2015-04-12,9885
チャーハン,2015-04-13,8562
チャーハン,2015-04-14,8983
チャーハン,2015-04-15,8320
チャーハン,2015-04-16,8404
チャーハン,2015-04-17,10286
チャーハン,2015-04-18,11391
チャーハン,2015-04-19,10999
チャーハン,2015-04-20,7643
チャーハン,2015-04-21,8942
チャーハン,2015-04-22,7984
チャーハン,2015-04-23,8436
チャーハン,2015-04-24,10542
チャーハン,2015-04-25,10069
チャーハン,2015-04-26,11688
チャーハン,2015-04-27,8609
チャーハン,2015-04-28,8985
チャーハン,2015-04-29,7772
チャーハン,2015-04-30,8683
チャーハン,2015-05-01,11156
チャーハン,2015-05-02,11893
チャーハン,2015-05-03,11096
チャーハン,2015-05-04,8069
チャーハン,2015-05-05,9130
チャーハン,2015-05-06,8979
チャーハン,2015-05-07,8273
チャーハン,2015-05-08,10889
チャーハン,2015-05-09,11506
チャーハン,2015-05-10,10379
チャーハン,2015-05-11,8924
チャーハン,2015-05-12,8941
チャーハン,2015-05-13,8261
チャーハン,2015-05-14,9100
チャーハン,2015-05-15,9983
チャーハン,2015-05-16,11597
チャーハン,2015-05-17,10889
チャーハン,2015-05-18,8073
チャーハン,2015-05-19,8598
チャーハン,2015-05-20,8096
チャーハン,2015-05-21,8656
チャーハン,2015-05-22,11828
チャーハン,2015-05-23,11071
チャーハン,2015-05-24,11221
チャーハン,2015-05-25,8259
チャーハン,2015-05-26,8898
チャーハン,2015-05-27,9009
チャーハン,2015-05-28,8177
チャーハン,2015-05-29,10894
チャーハン,2015-05-30,11786
みそ汁,2015-03-01,24702
みそ汁,2015-03-02,18027
みそ汁,2015-03-03,19815
みそ汁,2015-03-04,20036
みそ汁,2015-03-05,19725
みそ汁,2015-03-06,23423
みそ汁,2015-03-07,27175
みそ汁,2015-03-08,22428
みそ汁,2015-03-09,20679
みそ汁,2015-03-10,17569
みそ汁,2015-03-11,20430
みそ汁,2015-03-12,19348
みそ汁,2015-03-13,25397
みそ汁,2015-03-14,26431
みそ汁,2015-03-15,23702
みそ汁,2015-03-16,17379
みそ汁,2015-03-17,17755
みそ汁,2015-03-18,17629
みそ汁,2015-03-19,17897
みそ汁,2015-03-20,27177
みそ汁,2015-03-21,23359
みそ汁,2015-03-22,24047
みそ汁,2015-03-23,19876
みそ汁,2015-03-24,19881
みそ汁,2015-03-25,18321
みそ汁,2015-03-26,18371
みそ汁,2015-03-27,24533
みそ汁,2015-03-28,24298
みそ汁,2015-03-29,26906
みそ汁,2015-03-30,19273
みそ汁,2015-03-31,19551
みそ汁,2015-04-01,19157
みそ汁,2015-04-02,19157
みそ汁,2015-04-03,24502
みそ汁,2015-04-04,23476
みそ汁,2015-04-05,23983
みそ汁,2015-04-06,18151
みそ汁,2015-04-07,17230
みそ汁,2015-04-08,18083
みそ汁,2015-04-09,20936
みそ汁,2015-04-10,24546
みそ汁,2015-04-11,27188
みそ汁,2015-04-12,23667
みそ汁,2015-04-13,17744
みそ汁,2015-04-14,19380
みそ汁,2015-04-15,18884
みそ汁,2015-04-16,20529
みそ汁,2015-04-17,26950
みそ汁,2015-04-18,25471
みそ汁,2015-04-19,26579
みそ汁,2015-04-20,18329
みそ汁,2015-04-21,20668
みそ汁,2015-04-22,17766
みそ汁,2015-04-23,17769
みそ汁,2015-04-24,25278
みそ汁,2015-04-25,27345
みそ汁,2015-04-26,25049
みそ汁,2015-04-27,17718
みそ汁,2015-04-28,17904
みそ汁,2015-04-29,20191
みそ汁,2015-04-30,19716
みそ汁,2015-05-01,25162
みそ汁,2015-05-02,26104
みそ汁,2015-05-03,24102
みそ汁,2015-05-04,18724
みそ汁,2015-05-05,18574
みそ汁,2015-05-06,19610
みそ汁,2015-05-07,17841
みそ汁,2015-05-08,23620
みそ汁,2015-05-09,27110
みそ汁,2015-05-10,27312
みそ汁,2015-05-11,19277
みそ汁,2015-05-12,17399
みそ汁,2015-05-13,19531
みそ汁,2015-05-14,19989
みそ汁,2015-05-15,25295
みそ汁,2015-05-16,25014
みそ汁,2015-05-17,24154
みそ汁,2015-05-18,17532
みそ汁,2015-05-19,17717
みそ汁,2015-05-20,18627
みそ汁,2015-05-21,19523
みそ汁,2015-05-22,23577
みそ汁,2015-05-23,22484
みそ汁,2015-05-24,23936
みそ汁,2015-05-25,17525
みそ汁,2015-05-26,18186
みそ汁,2015-05-27,17765
みそ汁,2015-05-28,18643
みそ汁,2015-05-29,23092
みそ汁,2015-05-30,25220
雑炊,2015-03-01,13426
雑炊,2015-03-02,9551
雑炊,2015-03-03,11151
雑炊,2015-03-04,10498
雑炊,2015-03-05,9349
雑炊,2015-03-06,12462
雑炊,2015-03-07,13759
雑炊,2015-03-08,14395
雑炊,2015-03-09,10887
雑炊,2015-03-10,10122
雑炊,2015-03-11,9546
雑炊,2015-03-12,9556
雑炊,2015-03-13,13256
雑炊,2015-03-14,13035
雑炊,2015-03-15,14097
雑炊,2015-03-16,10793
雑炊,2015-03-17,10033
雑炊,2015-03-18,10507
雑炊,2015-03-19,10061
雑炊,2015-03-20,12954
雑炊,2015-03-21,13634
雑炊,2015-03-22,14526
雑炊,2015-03-23,10191
雑炊,2015-03-24,10487
雑炊,2015-03-25,9808
雑炊,2015-03-26,10051
雑炊,2015-03-27,13165
雑炊,2015-03-28,12736
雑炊,2015-03-29,14564
雑炊,2015-03-30,11024
雑炊,2015-03-31,10873
雑炊,2015-04-01,10666
雑炊,2015-04-02,9585
雑炊,2015-04-03,12151
雑炊,2015-04-04,12265
雑炊,2015-04-05,14239
雑炊,2015-04-06,9952
雑炊,2015-04-07,10824
雑炊,2015-04-08,11076
雑炊,2015-04-09,10513
雑炊,2015-04-10,13618
雑炊,2015-04-11,12161
雑炊,2015-04-12,12624
雑炊,2015-04-13,10057
雑炊,2015-04-14,10877
雑炊,2015-04-15,9992
雑炊,2015-04-16,10131
雑炊,2015-04-17,13500
雑炊,2015-04-18,12330
雑炊,2015-04-19,12015
雑炊,2015-04-20,10604
雑炊,2015-04-21,10926
雑炊,2015-04-22,11133
雑炊,2015-04-23,9336
雑炊,2015-04-24,13759
雑炊,2015-04-25,13008
雑炊,2015-04-26,13515
雑炊,2015-04-27,9500
雑炊,2015-04-28,9740
雑炊,2015-04-29,9857
雑炊,2015-04-30,10681
雑炊,2015-05-01,12483
雑炊,2015-05-02,12359
雑炊,2015-05-03,13509
雑炊,2015-05-04,9317
雑炊,2015-05-05,10107
雑炊,2015-05-06,10205
雑炊,2015-05-07,10168
雑炊,2015-05-08,13275
雑炊,2015-05-09,13945
雑炊,2015-05-10,14619
雑炊,2015-05-11,10937
雑炊,2015-05-12,9445
雑炊,2015-05-13,10980
雑炊,2015-05-14,10379
雑炊,2015-05-15,13800
雑炊,2015-05-16,14083
雑炊,2015-05-17,13052
雑炊,2015-05-18,10964
雑炊,2015-05-19,9604
雑炊,2015-05-20,10231
雑炊,2015-05-21,9462
雑炊,2015-05-22,12590
雑炊,2015-05-23,14392
雑炊,2015-05-24,13242
雑炊,2015-05-25,10323
雑炊,2015-05-26,11210
雑炊,2015-05-27,11208
雑炊,2015-05-28,10620
雑炊,2015-05-29,14057
雑炊,2015-05-30,12035
寿司,2015-03-01,11093
寿司,2015-03-02,8850
寿司,2015-03-03,8063
寿司,2015-03-04,8495
寿司,2015-03-05,8677
寿司,2015-03-06,10580
寿司,2015-03-07,11336
寿司,2015-03-08,10593
寿司,2015-03-09,7373
寿司,2015-03-10,8063
寿司,2015-03-11,8124
寿司,2015-03-12,8325
寿司,2015-03-13,10488
寿司,2015-03-14,10199
寿司,2015-03-15,10975
寿司,2015-03-16,8338
寿司,2015-03-17,8933
寿司,2015-03-18,7631
寿司,2015-03-19,8932
寿司,2015-03-20,10776
寿司,2015-03-21,11113
寿司,2015-03-22,11384
寿司,2015-03-23,8401
寿司,2015-03-24,8478
寿司,2015-03-25,8969
寿司,2015-03-26,8730
寿司,2015-03-27,11172
寿司,2015-03-28,9839
寿司,2015-03-29,9749
寿司,2015-03-30,8196
寿司,2015-03-31,7658
寿司,2015-04-01,8538
寿司,2015-04-02,8151
寿司,2015-04-03,9850
寿司,2015-04-04,11332
寿司,2015-04-05,11544
寿司,2015-04-06,7798
寿司,2015-04-07,7589
寿司,2015-04-08,8497
寿司,2015-04-09,8267
寿司,2015-04-10,9739
寿司,2015-04-11,10736
寿司,2015-04-12,10853
寿司,2015-04-13,8239
寿司,2015-04-14,7986
寿司,2015-04-15,8024
寿司,2015-04-16,8821
寿司,2015-04-17,10976
寿司,2015-04-18,11573
寿司,2015-04-19,9868
寿司,2015-04-20,8257
寿司,2015-04-21,7505
寿司,2015-04-22,8361
寿司,2015-04-23,7762
寿司,2015-04-24,10564
寿司,2015-04-25,10560
寿司,2015-04-26,11309
寿司,2015-04-27,8806
寿司,2015-04-28,8285
寿司,2015-04-29,8884
寿司,2015-04-30,7820
寿司,2015-05-01,10874
寿司,2015-05-02,10863
寿司,2015-05-03,10923
寿司,2015-05-04,7727
寿司,2015-05-05,8003
寿司,2015-05-06,7623
寿司,2015-05-07,8191
寿司,2015-05-08,10787
寿司,2015-05-09,9717
寿司,2015-05-10,11094
寿司,2015-05-11,8346
寿司,2015-05-12,8439
寿司,2015-05-13,7827
寿司,2015-05-14,7932
寿司,2015-05-15,10886
寿司,2015-05-16,11584
寿司,2015-05-17,10321
寿司,2015-05-18,7667
寿司,2015-05-19,7759
寿司,2015-05-20,8136
寿司,2015-05-21,8018
寿司,2015-05-22,10244
寿司,2015-05-23,10304
寿司,2015-05-24,10998
寿司,2015-05-25,8753
寿司,2015-05-26,8109
寿司,2015-05-27,8295
寿司,2015-05-28,8158
寿司,2015-05-29,10963
寿司,2015-05-30,11007
丼もの,2015-03-01,13081
丼もの,2015-03-02,10073
丼もの,2015-03-03,11865
丼もの,2015-03-04,10749
丼もの,2015-03-05,11058
丼もの,2015-03-06,15491
丼もの,2015-03-07,13333
丼もの,2015-03-08,13412
丼もの,2015-03-09,11185
丼もの,2015-03-10,11651
丼もの,2015-03-11,11593
丼もの,2015-03-12,10158
丼もの,2015-03-13,13013
丼もの,2015-03-14,14988
丼もの,2015-03-15,15486
丼もの,2015-03-16,11179
丼もの,2015-03-17,10783
丼もの,2015-03-18,11279
丼もの,2015-03-19,11726
丼もの,2015-03-20,14203
丼もの,2015-03-21,14278
丼もの,2015-03-22,14965
丼もの,2015-03-23,10636
丼もの,2015-03-24,11882
丼もの,2015-03-25,9901
丼もの,2015-03-26,10567
丼もの,2015-03-27,13161
丼もの,2015-03-28,13734
丼もの,2015-03-29,14149
丼もの,2015-03-30,11482
丼もの,2015-03-31,11567
丼もの,2015-04-01,10738
丼もの,2015-04-02,9893
丼もの,2015-04-03,15441
丼もの,2015-04-04,15376
丼もの,2015-04-05,14514
丼もの,2015-04-06,11835
丼もの,2015-04-07,11196
丼もの,2015-04-08,10104
丼もの,2015-04-09,10140
丼もの,2015-04-10,14712
丼もの,2015-04-11,15397
丼もの,2015-04-12,13204
丼もの,2015-04-13,11761
丼もの,2015-04-14,10811
丼もの,2015-04-15,9930
丼もの,2015-04-16,11626
丼もの,2015-04-17,15520
丼もの,2015-04-18,15069
丼もの,2015-04-19,13618
丼もの,2015-04-20,10260
丼もの,2015-04-21,10268
丼もの,2015-04-22,10591
丼もの,2015-04-23,10317
丼もの,2015-04-24,13243
丼もの,2015-04-25,13040
丼もの,2015-04-26,14573
丼もの,2015-04-27,11542
丼もの,2015-04-28,9958
丼もの,2015-04-29,10012
丼もの,2015-04-30,9837
丼もの,2015-05-01,13180
丼もの,2015-05-02,15415
丼もの,2015-05-03,13236
丼もの,2015-05-04,11987
丼もの,2015-05-05,11366
丼もの,2015-05-06,10537
丼もの,2015-05-07,10545
丼もの,2015-05-08,14982
丼もの,2015-05-09,14192
丼もの,2015-05-10,14188
丼もの,2015-05-11,10410
丼もの,2015-05-12,11859
丼もの,2015-05-13,11308
丼もの,2015-05-14,11379
丼もの,2015-05-15,13576
丼もの,2015-05-16,14425
丼もの,2015-05-17,15486
丼もの,2015-05-18,9907
丼もの,2015-05-19,10942
丼もの,2015-05-20,11708
丼もの,2015-05-21,10434
丼もの,2015-05-22,13807
丼もの,2015-05-23,15379
丼もの,2015-05-24,13004
丼もの,2015-05-25,10948
丼もの,2015-05-26,10745
丼もの,2015-05-27,10173
丼もの,2015-05-28,10810
丼もの,2015-05-29,13258
丼もの,2015-05-30,15205
うどん,2015-03-01,8849
うどん,2015-03-02,6063
うどん,2015-03-03,6060
うどん,2015-03-04,6283
うどん,2015-03-05,7138
うどん,2015-03-06,9264
うどん,2015-03-07,7987
うどん,2015-03-08,9232
うどん,2015-03-09,5991
うどん,2015-03-10,7055
うどん,2015-03-11,5981
うどん,2015-03-12,7153
うどん,2015-03-13,7948
うどん,2015-03-14,8666
うどん,2015-03-15,8889
うどん,2015-03-16,6272
うどん,2015-03-17,5939
うどん,2015-03-18,6836
うどん,2015-03-19,6314
うどん,2015-03-20,9134
うどん,2015-03-21,8480
うどん,2015-03-22,9367
うどん,2015-03-23,6006
うどん,2015-03-24,5936
うどん,2015-03-25,6659
うどん,2015-03-26,6701
うどん,2015-03-27,7683
うどん,2015-03-28,8944
うどん,2015-03-29,7755
うどん,2015-03-30,6531
うどん,2015-03-31,7135
うどん,2015-04-01,5982
うどん,2015-04-02,9302
うどん,2015-04-03,11687
うどん,2015-04-04,11866
うどん,2015-04-05,10461
うどん,2015-04-06,9371
うどん,2015-04-07,8858
うどん,2015-04-08,8165
うどん,2015-04-09,9070
うどん,2015-04-10,12105
うどん,2015-04-11,11974
うどん,2015-04-12,10259
うどん,2015-04-13,7777
うどん,2015-04-14,9071
うどん,2015-04-15,9143
うどん,2015-04-16,7752
うどん,2015-04-17,10476
うどん,2015-04-18,11541
うどん,2015-04-19,10197
うどん,2015-04-20,7702
うどん,2015-04-21,9220
うどん,2015-04-22,7759
うどん,2015-04-23,9166
うどん,2015-04-24,10245
うどん,2015-04-25,10874
うどん,2015-04-26,10488
うどん,2015-04-27,8999
うどん,2015-04-28,8658
うどん,2015-04-29,8007
うどん,2015-04-30,8400
うどん,2015-05-01,10953
うどん,2015-05-02,11993
うどん,2015-05-03,11004
うどん,2015-05-04,9264
うどん,2015-05-05,8339
うどん,2015-05-06,9049
うどん,2015-05-07,8986
うどん,2015-05-08,10734
うどん,2015-05-09,12057
うどん,2015-05-10,11095
うどん,2015-05-11,8228
うどん,2015-05-12,8430
うどん,2015-05-13,8506
うどん,2015-05-14,9111
うどん,2015-05-15,12082
うどん,2015-05-16,11021
うどん,2015-05-17,10801
うどん,2015-05-18,8061
うどん,2015-05-19,7683
うどん,2015-05-20,8885
うどん,2015-05-21,8863
うどん,2015-05-22,10010
うどん,2015-05-23,10394
うどん,2015-05-24,11168
うどん,2015-05-25,7946
うどん,2015-05-26,8095
うどん,2015-05-27,9248
うどん,2015-05-28,8295
うどん,2015-05-29,12179
うどん,2015-05-30,11587
スパゲッティー,2015-03-01,5947
スパゲッティー,2015-03-02,5010
スパゲッティー,2015-03-03,5263
スパゲッティー,2015-03-04,5150
スパゲッティー,2015-03-05,4883
スパゲッティー,2015-03-06,6410
スパゲッティー,2015-03-07,6468
スパゲッティー,2015-03-08,6013
スパゲッティー,2015-03-09,5303
スパゲッティー,2015-03-10,4580
スパゲッティー,2015-03-11,5003
スパゲッティー,2015-03-12,4901
スパゲッティー,2015-03-13,6009
スパゲッティー,2015-03-14,7008
スパゲッティー,2015-03-15,6165
スパゲッティー,2015-03-16,4472
スパゲッティー,2015-03-17,5170
スパゲッティー,2015-03-18,4986
スパゲッティー,2015-03-19,4438
スパゲッティー,2015-03-20,6141
スパゲッティー,2015-03-21,6861
スパゲッティー,2015-03-22,6053
スパゲッティー,2015-03-23,4486
スパゲッティー,2015-03-24,5128
スパゲッティー,2015-03-25,4929
スパゲッティー,2015-03-26,4826
スパゲッティー,2015-03-27,6299
スパゲッティー,2015-03-28,6926
スパゲッティー,2015-03-29,6910
スパゲッティー,2015-03-30,4643
スパゲッティー,2015-03-31,4994
スパゲッティー,2015-04-01,4468
スパゲッティー,2015-04-02,6448
スパゲッティー,2015-04-03,7671
スパゲッティー,2015-04-04,8743
スパゲッティー,2015-04-05,7668
スパゲッティー,2015-04-06,6018
スパゲッティー,2015-04-07,6738
スパゲッティー,2015-04-08,6297
スパゲッティー,2015-04-09,6456
スパゲッティー,2015-04-10,8948
スパゲッティー,2015-04-11,8693
スパゲッティー,2015-04-12,8735
スパゲッティー,2015-04-13,6525
スパゲッティー,2015-04-14,5886
スパゲッティー,2015-04-15,6813
スパゲッティー,2015-04-16,6701
スパゲッティー,2015-04-17,8952
スパゲッティー,2015-04-18,7623
スパゲッティー,2015-04-19,8863
スパゲッティー,2015-04-20,6108
スパゲッティー,2015-04-21,6184
スパゲッティー,2015-04-22,6891
スパゲッティー,2015-04-23,6001
スパゲッティー,2015-04-24,7504
スパゲッティー,2015-04-25,8656
スパゲッティー,2015-04-26,7546
スパゲッティー,2015-04-27,6809
スパゲッティー,2015-04-28,6912
スパゲッティー,2015-04-29,5969
スパゲッティー,2015-04-30,6022
スパゲッティー,2015-05-01,8807
スパゲッティー,2015-05-02,8969
スパゲッティー,2015-05-03,7889
スパゲッティー,2015-05-04,6311
スパゲッティー,2015-05-05,6266
スパゲッティー,2015-05-06,6608
スパゲッティー,2015-05-07,6147
スパゲッティー,2015-05-08,8800
スパゲッティー,2015-05-09,8051
スパゲッティー,2015-05-10,7911
スパゲッティー,2015-05-11,5761
スパゲッティー,2015-05-12,6243
スパゲッティー,2015-05-13,6523
スパゲッティー,2015-05-14,6190
スパゲッティー,2015-05-15,7776
スパゲッティー,2015-05-16,9142
スパゲッティー,2015-05-17,7925
スパゲッティー,2015-05-18,6460
スパゲッティー,2015-05-19,5929
スパゲッティー,2015-05-20,6629
スパゲッティー,2015-05-21,6332
スパゲッティー,2015-05-22,8093
スパゲッティー,2015-05-23,8125
スパゲッティー,2015-05-24,8156
スパゲッティー,2015-05-25,6815
スパゲッティー,2015-05-26,6928
スパゲッティー,2015-05-27,6730
スパゲッティー,2015-05-28,6226
スパゲッティー,2015-05-29,8633
スパゲッティー,2015-05-30,8328
ソース焼きそば,2015-03-01,8460
ソース焼きそば,2015-03-02,7412
ソース焼きそば,2015-03-03,7377
ソース焼きそば,2015-03-04,6959
ソース焼きそば,2015-03-05,6518
ソース焼きそば,2015-03-06,10249
ソース焼きそば,2015-03-07,10280
ソース焼きそば,2015-03-08,8567
ソース焼きそば,2015-03-09,7255
ソース焼きそば,2015-03-10,7888
ソース焼きそば,2015-03-11,6638
ソース焼きそば,2015-03-12,7002
ソース焼きそば,2015-03-13,9360
ソース焼きそば,2015-03-14,10132
ソース焼きそば,2015-03-15,9495
ソース焼きそば,2015-03-16,6513
ソース焼きそば,2015-03-17,7712
ソース焼きそば,2015-03-18,7676
ソース焼きそば,2015-03-19,7745
ソース焼きそば,2015-03-20,9940
ソース焼きそば,2015-03-21,8424
ソース焼きそば,2015-03-22,8615
ソース焼きそば,2015-03-23,7682
ソース焼きそば,2015-03-24,6798
ソース焼きそば,2015-03-25,6524
ソース焼きそば,2015-03-26,7310
ソース焼きそば,2015-03-27,9841
ソース焼きそば,2015-03-28,10059
ソース焼きそば,2015-03-29,8537
ソース焼きそば,2015-03-30,6799
ソース焼きそば,2015-03-31,7076
ソース焼きそば,2015-04-01,7072
ソース焼きそば,2015-04-02,9509
ソース焼きそば,2015-04-03,13244
ソース焼きそば,2015-04-04,13355
ソース焼きそば,2015-04-05,11267
ソース焼きそば,2015-04-06,8939
ソース焼きそば,2015-04-07,9975
ソース焼きそば,2015-04-08,10280
ソース焼きそば,2015-04-09,9684
ソース焼きそば,2015-04-10,11140
ソース焼きそば,2015-04-11,11278
ソース焼きそば,2015-04-12,11774
ソース焼きそば,2015-04-13,8896
ソース焼きそば,2015-04-14,8894
ソース焼きそば,2015-04-15,9890
ソース焼きそば,2015-04-16,8749
ソース焼きそば,2015-04-17,12407
ソース焼きそば,2015-04-18,12634
ソース焼きそば,2015-04-19,13197
ソース焼きそば,2015-04-20,9716
ソース焼きそば,2015-04-21,8936
ソース焼きそば,2015-04-22,8444
ソース焼きそば,2015-04-23,8505
ソース焼きそば,2015-04-24,11360
ソース焼きそば,2015-04-25,13026
ソース焼きそば,2015-04-26,11063
ソース焼きそば,2015-04-27,8932
ソース焼きそば,2015-04-28,10088
ソース焼きそば,2015-04-29,9450
ソース焼きそば,2015-04-30,9931
ソース焼きそば,2015-05-01,13281
ソース焼きそば,2015-05-02,12630
ソース焼きそば,2015-05-03,11927
ソース焼きそば,2015-05-04,10242
ソース焼きそば,2015-05-05,10183
ソース焼きそば,2015-05-06,9394
ソース焼きそば,2015-05-07,8679
ソース焼きそば,2015-05-08,12476
ソース焼きそば,2015-05-09,12953
ソース焼きそば,2015-05-10,11283
ソース焼きそば,2015-05-11,9542
ソース焼きそば,2015-05-12,10264
ソース焼きそば,2015-05-13,8856
ソース焼きそば,2015-05-14,9205
ソース焼きそば,2015-05-15,11195
ソース焼きそば,2015-05-16,11629
ソース焼きそば,2015-05-17,12242
ソース焼きそば,2015-05-18,9012
ソース焼きそば,2015-05-19,9549
ソース焼きそば,2015-05-20,10272
ソース焼きそば,2015-05-21,9565
ソース焼きそば,2015-05-22,11306
ソース焼きそば,2015-05-23,12665
ソース焼きそば,2015-05-24,12604
ソース焼きそば,2015-05-25,9028
ソース焼きそば,2015-05-26,9216
ソース焼きそば,2015-05-27,8994
ソース焼きそば,2015-05-28,9983
ソース焼きそば,2015-05-29,12396
ソース焼きそば,2015-05-30,12916
そば ,2015-03-01,9947
そば ,2015-03-02,7407
そば ,2015-03-03,8600
そば ,2015-03-04,7195
そば ,2015-03-05,8090
そば ,2015-03-06,11344
そば ,2015-03-07,9895
そば ,2015-03-08,11378
そば ,2015-03-09,7238
そば ,2015-03-10,7594
そば ,2015-03-11,7597
そば ,2015-03-12,8695
そば ,2015-03-13,11369
そば ,2015-03-14,10860
そば ,2015-03-15,9933
そば ,2015-03-16,7835
そば ,2015-03-17,7504
そば ,2015-03-18,8405
そば ,2015-03-19,8368
そば ,2015-03-20,10371
そば ,2015-03-21,10728
そば ,2015-03-22,10898
そば ,2015-03-23,8417
そば ,2015-03-24,8148
そば ,2015-03-25,7805
そば ,2015-03-26,8253
そば ,2015-03-27,11140
そば ,2015-03-28,10242
そば ,2015-03-29,9587
そば ,2015-03-30,8170
そば ,2015-03-31,7949
そば ,2015-04-01,8657
そば ,2015-04-02,7566
そば ,2015-04-03,10948
そば ,2015-04-04,10897
そば ,2015-04-05,10740
そば ,2015-04-06,8063
そば ,2015-04-07,8136
そば ,2015-04-08,8565
そば ,2015-04-09,7973
そば ,2015-04-10,11370
そば ,2015-04-11,9481
そば ,2015-04-12,10490
そば ,2015-04-13,7484
そば ,2015-04-14,7655
そば ,2015-04-15,8524
そば ,2015-04-16,7509
そば ,2015-04-17,10546
そば ,2015-04-18,10159
そば ,2015-04-19,9971
そば ,2015-04-20,7936
そば ,2015-04-21,8368
そば ,2015-04-22,8741
そば ,2015-04-23,7431
そば ,2015-04-24,9605
そば ,2015-04-25,10541
そば ,2015-04-26,9621
そば ,2015-04-27,7504
そば ,2015-04-28,7727
そば ,2015-04-29,7606
そば ,2015-04-30,8334
そば ,2015-05-01,10780
そば ,2015-05-02,10984
そば ,2015-05-03,9906
そば ,2015-05-04,7472
そば ,2015-05-05,7920
そば ,2015-05-06,8061
そば ,2015-05-07,8176
そば ,2015-05-08,10339
そば ,2015-05-09,9606
そば ,2015-05-10,11171
そば ,2015-05-11,8764
そば ,2015-05-12,8558
そば ,2015-05-13,8542
そば ,2015-05-14,7784
そば ,2015-05-15,10617
そば ,2015-05-16,10412
そば ,2015-05-17,9413
そば ,2015-05-18,8368
そば ,2015-05-19,8527
そば ,2015-05-20,7260
そば ,2015-05-21,8608
そば ,2015-05-22,10121
そば ,2015-05-23,10780
そば ,2015-05-24,10825
そば ,2015-05-25,8271
そば ,2015-05-26,7661
そば ,2015-05-27,7665
そば ,2015-05-28,7942
そば ,2015-05-29,9437
そば ,2015-05-30,10357
ちゃんぽん,2015-03-01,6245
ちゃんぽん,2015-03-02,4469
ちゃんぽん,2015-03-03,5159
ちゃんぽん,2015-03-04,4399
ちゃんぽん,2015-03-05,4791
ちゃんぽん,2015-03-06,6039
ちゃんぽん,2015-03-07,5673
ちゃんぽん,2015-03-08,5969
ちゃんぽん,2015-03-09,5191
ちゃんぽん,2015-03-10,5001
ちゃんぽん,2015-03-11,4578
ちゃんぽん,2015-03-12,5133
ちゃんぽん,2015-03-13,6398
ちゃんぽん,2015-03-14,6130
ちゃんぽん,2015-03-15,6519
ちゃんぽん,2015-03-16,4866
ちゃんぽん,2015-03-17,4589
ちゃんぽん,2015-03-18,4694
ちゃんぽん,2015-03-19,4813
ちゃんぽん,2015-03-20,6414
ちゃんぽん,2015-03-21,5959
ちゃんぽん,2015-03-22,6242
ちゃんぽん,2015-03-23,4736
ちゃんぽん,2015-03-24,4808
ちゃんぽん,2015-03-25,5087
ちゃんぽん,2015-03-26,5067
ちゃんぽん,2015-03-27,6542
ちゃんぽん,2015-03-28,5721
ちゃんぽん,2015-03-29,5929
ちゃんぽん,2015-03-30,5122
ちゃんぽん,2015-03-31,5121
ちゃんぽん,2015-04-01,4849
ちゃんぽん,2015-04-02,6495
ちゃんぽん,2015-04-03,8091
ちゃんぽん,2015-04-04,7242
ちゃんぽん,2015-04-05,7638
ちゃんぽん,2015-04-06,6112
ちゃんぽん,2015-04-07,6056
ちゃんぽん,2015-04-08,6667
ちゃんぽん,2015-04-09,6315
ちゃんぽん,2015-04-10,7180
ちゃんぽん,2015-04-11,7210
ちゃんぽん,2015-04-12,7653
ちゃんぽん,2015-04-13,5858
ちゃんぽん,2015-04-14,6540
ちゃんぽん,2015-04-15,6407
ちゃんぽん,2015-04-16,6358
ちゃんぽん,2015-04-17,7792
ちゃんぽん,2015-04-18,7475
ちゃんぽん,2015-04-19,7517
ちゃんぽん,2015-04-20,6386
ちゃんぽん,2015-04-21,5845
ちゃんぽん,2015-04-22,5800
ちゃんぽん,2015-04-23,6250
ちゃんぽん,2015-04-24,7414
ちゃんぽん,2015-04-25,7261
ちゃんぽん,2015-04-26,7201
ちゃんぽん,2015-04-27,6514
ちゃんぽん,2015-04-28,6507
ちゃんぽん,2015-04-29,5541
ちゃんぽん,2015-04-30,6253
ちゃんぽん,2015-05-01,7669
ちゃんぽん,2015-05-02,8146
ちゃんぽん,2015-05-03,7523
ちゃんぽん,2015-05-04,6686
ちゃんぽん,2015-05-05,5652
ちゃんぽん,2015-05-06,5669
ちゃんぽん,2015-05-07,5695
ちゃんぽん,2015-05-08,7646
ちゃんぽん,2015-05-09,8134
ちゃんぽん,2015-05-10,7513
ちゃんぽん,2015-05-11,6078
ちゃんぽん,2015-05-12,6078
ちゃんぽん,2015-05-13,5991
ちゃんぽん,2015-05-14,6734
ちゃんぽん,2015-05-15,7195
ちゃんぽん,2015-05-16,8560
ちゃんぽん,2015-05-17,7327
ちゃんぽん,2015-05-18,5746
ちゃんぽん,2015-05-19,6072
ちゃんぽん,2015-05-20,6417
ちゃんぽん,2015-05-21,5756
ちゃんぽん,2015-05-22,7401
ちゃんぽん,2015-05-23,7519
ちゃんぽん,2015-05-24,7448
ちゃんぽん,2015-05-25,6569
ちゃんぽん,2015-05-26,6431
ちゃんぽん,2015-05-27,6222
ちゃんぽん,2015-05-28,6572
ちゃんぽん,2015-05-29,7416
ちゃんぽん,2015-05-30,7781
ラーメン,2015-03-01,17644
ラーメン,2015-03-02,12756
ラーメン,2015-03-03,13764
ラーメン,2015-03-04,14670
ラーメン,2015-03-05,13371
ラーメン,2015-03-06,18845
ラーメン,2015-03-07,17087
ラーメン,2015-03-08,19301
ラーメン,2015-03-09,14022
ラーメン,2015-03-10,12842
ラーメン,2015-03-11,14842
ラーメン,2015-03-12,15142
ラーメン,2015-03-13,18632
ラーメン,2015-03-14,18706
ラーメン,2015-03-15,18014
ラーメン,2015-03-16,12809
ラーメン,2015-03-17,14505
ラーメン,2015-03-18,14085
ラーメン,2015-03-19,14886
ラーメン,2015-03-20,18476
ラーメン,2015-03-21,18099
ラーメン,2015-03-22,19541
ラーメン,2015-03-23,14575
ラーメン,2015-03-24,12817
ラーメン,2015-03-25,13027
ラーメン,2015-03-26,14999
ラーメン,2015-03-27,17943
ラーメン,2015-03-28,18323
ラーメン,2015-03-29,17708
ラーメン,2015-03-30,14429
ラーメン,2015-03-31,14298
ラーメン,2015-04-01,13298
ラーメン,2015-04-02,18815
ラーメン,2015-04-03,23113
ラーメン,2015-04-04,23561
ラーメン,2015-04-05,23323
ラーメン,2015-04-06,17285
ラーメン,2015-04-07,17381
ラーメン,2015-04-08,17119
ラーメン,2015-04-09,18056
ラーメン,2015-04-10,24317
ラーメン,2015-04-11,23362
ラーメン,2015-04-12,25759
ラーメン,2015-04-13,17502
ラーメン,2015-04-14,17263
ラーメン,2015-04-15,18496
ラーメン,2015-04-16,17756
ラーメン,2015-04-17,25880
ラーメン,2015-04-18,24412
ラーメン,2015-04-19,23495
ラーメン,2015-04-20,17534
ラーメン,2015-04-21,16608
ラーメン,2015-04-22,18481
ラーメン,2015-04-23,17646
ラーメン,2015-04-24,23705
ラーメン,2015-04-25,25267
ラーメン,2015-04-26,22457
ラーメン,2015-04-27,16801
ラーメン,2015-04-28,19392
ラーメン,2015-04-29,17112
ラーメン,2015-04-30,19407
ラーメン,2015-05-01,21591
ラーメン,2015-05-02,25447
ラーメン,2015-05-03,25326
ラーメン,2015-05-04,19760
ラーメン,2015-05-05,17844
ラーメン,2015-05-06,17595
ラーメン,2015-05-07,19838
ラーメン,2015-05-08,22944
ラーメン,2015-05-09,25819
ラーメン,2015-05-10,24286
ラーメン,2015-05-11,18601
ラーメン,2015-05-12,19167
ラーメン,2015-05-13,17937
ラーメン,2015-05-14,17817
ラーメン,2015-05-15,23468
ラーメン,2015-05-16,23015
ラーメン,2015-05-17,24738
ラーメン,2015-05-18,17455
ラーメン,2015-05-19,19598
ラーメン,2015-05-20,19881
ラーメン,2015-05-21,18175
ラーメン,2015-05-22,21445
ラーメン,2015-05-23,25893
ラーメン,2015-05-24,23479
ラーメン,2015-05-25,19524
ラーメン,2015-05-26,18360
ラーメン,2015-05-27,18231
ラーメン,2015-05-28,17003
ラーメン,2015-05-29,21691
ラーメン,2015-05-30,24509
