êgí∑,îNé˚
168.8,637
171.2,714
169,616
181.6,798
176.6,693
152.7,728
169.5,756
170.3,777
172.2,749
157.3,756
185.8,756
175.9,700
156.3,728
156.5,553
180.2,756
172.1,679
171.8,686
179.2,742
173.5,770
175.8,728
180.4,728
168,798
171.9,693
155.4,581
175.5,728
165.2,728
169.2,686
158.6,616
170.4,644
175.3,707
180.4,777
172.8,672
169.8,742
178.9,630
157.2,637
176.1,609
168.7,665
172.8,672
182.7,735
176.4,742
180.4,609
160.8,735
185.7,665
177.2,714
171.4,616
169,630
160.1,812
176,742
177,637
187,679
170.4,742
165.3,665
174.6,707
166.8,595
190.4,714
192.2,763
161,721
165.5,616
183,672
157.5,770
186.4,854
171.2,686
169,784
164.8,742
167.9,630
158,805
157.3,588
190.3,721
172.1,700
185.9,826
159.6,826
163.7,665
172,756
163.1,644
162.1,616
172.5,714
161.7,707
157.3,791
164.3,749
157.9,721
173,616
162.9,735
178,777
166.9,553
171.5,756
173.6,714
169.4,819
172.3,651
175.6,700
177.8,672
166.8,665
177.1,784
183.7,735
170.5,777
189.9,735
180.8,686
151.1,693
171.7,623
157.8,651
168.6,658
